file,line,type,commit,author,date,time,timezone,datetime,depth,length
style.css,1,css,931011d8,andiigonzalez,2025-01-16,19:25:40,-08:00,2025-01-16T19:25:40-08:00,0,6
style.css,2,css,931011d8,andiigonzalez,2025-01-16,19:25:40,-08:00,2025-01-16T19:25:40-08:00,0,32
style.css,3,css,ef0b5ad3,Andrea,2025-01-22,13:34:56,-08:00,2025-01-22T13:34:56-08:00,0,23
style.css,4,css,931011d8,andiigonzalez,2025-01-16,19:25:40,-08:00,2025-01-16T19:25:40-08:00,0,0
style.css,5,css,931011d8,andiigonzalez,2025-01-16,19:25:40,-08:00,2025-01-16T19:25:40-08:00,0,0
style.css,6,css,61f70129,andiigonzalez,2025-01-15,18:09:49,-08:00,2025-01-15T18:09:49-08:00,0,5
style.css,7,css,61f70129,andiigonzalez,2025-01-15,18:09:49,-08:00,2025-01-15T18:09:49-08:00,0,44
style.css,8,css,61f70129,andiigonzalez,2025-01-15,18:09:49,-08:00,2025-01-15T18:09:49-08:00,0,43
style.css,9,css,61f70129,andiigonzalez,2025-01-15,18:09:49,-08:00,2025-01-15T18:09:49-08:00,0,1
style.css,10,css,931011d8,andiigonzalez,2025-01-16,19:25:40,-08:00,2025-01-16T19:25:40-08:00,0,33
style.css,11,css,61f70129,andiigonzalez,2025-01-15,18:09:49,-08:00,2025-01-15T18:09:49-08:00,0,24
style.css,12,css,931011d8,andiigonzalez,2025-01-16,19:25:40,-08:00,2025-01-16T19:25:40-08:00,0,16
style.css,13,css,931011d8,andiigonzalez,2025-01-16,19:25:40,-08:00,2025-01-16T19:25:40-08:00,0,43
style.css,14,css,931011d8,andiigonzalez,2025-01-16,19:25:40,-08:00,2025-01-16T19:25:40-08:00,0,0
style.css,15,css,931011d8,andiigonzalez,2025-01-16,19:25:40,-08:00,2025-01-16T19:25:40-08:00,0,0
style.css,16,css,65c6a8e7,andiigonzalez,2025-02-06,20:21:51,-08:00,2025-02-06T20:21:51-08:00,0,3
style.css,17,css,6e98f840,andiigonzalez,2025-01-16,22:45:59,-08:00,2025-01-16T22:45:59-08:00,0,18
style.css,18,css,65c6a8e7,andiigonzalez,2025-02-06,20:21:51,-08:00,2025-02-06T20:21:51-08:00,0,15
style.css,19,css,6e98f840,andiigonzalez,2025-01-16,22:45:59,-08:00,2025-01-16T22:45:59-08:00,0,0
style.css,20,css,ac3cb2d6,Andrea,2025-01-22,13:38:09,-08:00,2025-01-22T13:38:09-08:00,0,14
style.css,21,css,ac3cb2d6,Andrea,2025-01-22,13:38:09,-08:00,2025-01-22T13:38:09-08:00,0,18
style.css,22,css,ac3cb2d6,Andrea,2025-01-22,13:38:09,-08:00,2025-01-22T13:38:09-08:00,0,9
style.css,23,css,ac3cb2d6,Andrea,2025-01-22,13:38:09,-08:00,2025-01-22T13:38:09-08:00,0,11
style.css,24,css,ac3cb2d6,Andrea,2025-01-22,13:38:09,-08:00,2025-01-22T13:38:09-08:00,0,14
style.css,25,css,ac3cb2d6,Andrea,2025-01-22,13:38:09,-08:00,2025-01-22T13:38:09-08:00,0,20
style.css,26,css,ac3cb2d6,Andrea,2025-01-22,13:38:09,-08:00,2025-01-22T13:38:09-08:00,0,0
style.css,27,css,931011d8,andiigonzalez,2025-01-16,19:25:40,-08:00,2025-01-16T19:25:40-08:00,0,0
style.css,28,css,fd6c4f26,andiigonzalez,2025-01-30,10:03:02,-08:00,2025-01-30T10:03:02-08:00,0,10
style.css,29,css,fd6c4f26,andiigonzalez,2025-01-30,10:03:02,-08:00,2025-01-30T10:03:02-08:00,0,18
style.css,30,css,fd6c4f26,andiigonzalez,2025-01-30,10:03:02,-08:00,2025-01-30T10:03:02-08:00,0,21
style.css,31,css,fd6c4f26,andiigonzalez,2025-01-30,10:03:02,-08:00,2025-01-30T10:03:02-08:00,0,0
style.css,32,css,8e7f68af,andiigonzalez,2025-01-30,10:27:22,-08:00,2025-01-30T10:27:22-08:00,0,5
style.css,33,css,8e7f68af,andiigonzalez,2025-01-30,10:27:22,-08:00,2025-01-30T10:27:22-08:00,0,13
style.css,34,css,8e7f68af,andiigonzalez,2025-01-30,10:27:22,-08:00,2025-01-30T10:27:22-08:00,0,45
style.css,35,css,8e7f68af,andiigonzalez,2025-01-30,10:27:22,-08:00,2025-01-30T10:27:22-08:00,0,77
style.css,36,css,8e7f68af,andiigonzalez,2025-01-30,10:27:22,-08:00,2025-01-30T10:27:22-08:00,0,9
style.css,37,css,8e7f68af,andiigonzalez,2025-01-30,10:27:22,-08:00,2025-01-30T10:27:22-08:00,0,19
style.css,38,css,8e7f68af,andiigonzalez,2025-01-30,10:27:22,-08:00,2025-01-30T10:27:22-08:00,0,23
style.css,39,css,8e7f68af,andiigonzalez,2025-01-30,10:27:22,-08:00,2025-01-30T10:27:22-08:00,0,19
style.css,40,css,8e7f68af,andiigonzalez,2025-01-30,10:27:22,-08:00,2025-01-30T10:27:22-08:00,0,0
style.css,41,css,8e7f68af,andiigonzalez,2025-01-30,10:27:22,-08:00,2025-01-30T10:27:22-08:00,0,0
style.css,42,css,8e7f68af,andiigonzalez,2025-01-30,10:27:22,-08:00,2025-01-30T10:27:22-08:00,0,28
style.css,43,css,8e7f68af,andiigonzalez,2025-01-30,10:27:22,-08:00,2025-01-30T10:27:22-08:00,0,8
style.css,44,css,8e7f68af,andiigonzalez,2025-01-30,10:27:22,-08:00,2025-01-30T10:27:22-08:00,0,19
style.css,45,css,8e7f68af,andiigonzalez,2025-01-30,10:27:22,-08:00,2025-01-30T10:27:22-08:00,0,47
style.css,46,css,8e7f68af,andiigonzalez,2025-01-30,10:27:22,-08:00,2025-01-30T10:27:22-08:00,0,19
style.css,47,css,8e7f68af,andiigonzalez,2025-01-30,10:27:22,-08:00,2025-01-30T10:27:22-08:00,0,13
style.css,48,css,65c6a8e7,andiigonzalez,2025-02-06,20:21:51,-08:00,2025-02-06T20:21:51-08:00,0,0
style.css,49,css,8e7f68af,andiigonzalez,2025-01-30,10:27:22,-08:00,2025-01-30T10:27:22-08:00,0,0
style.css,50,css,8e7f68af,andiigonzalez,2025-01-30,10:27:22,-08:00,2025-01-30T10:27:22-08:00,0,0
style.css,51,css,8e7f68af,andiigonzalez,2025-01-30,10:27:22,-08:00,2025-01-30T10:27:22-08:00,0,9
style.css,52,css,9f9a3b0d,andiigonzalez,2025-01-30,10:35:19,-08:00,2025-01-30T10:35:19-08:00,0,12
style.css,53,css,8e7f68af,andiigonzalez,2025-01-30,10:27:22,-08:00,2025-01-30T10:27:22-08:00,0,11
style.css,54,css,8e7f68af,andiigonzalez,2025-01-30,10:27:22,-08:00,2025-01-30T10:27:22-08:00,0,16
style.css,55,css,8e7f68af,andiigonzalez,2025-01-30,10:27:22,-08:00,2025-01-30T10:27:22-08:00,0,41
style.css,56,css,8e7f68af,andiigonzalez,2025-01-30,10:27:22,-08:00,2025-01-30T10:27:22-08:00,0,14
style.css,57,css,8e7f68af,andiigonzalez,2025-01-30,10:27:22,-08:00,2025-01-30T10:27:22-08:00,0,0
style.css,58,css,8e7f68af,andiigonzalez,2025-01-30,10:27:22,-08:00,2025-01-30T10:27:22-08:00,0,0
style.css,59,css,8e7f68af,andiigonzalez,2025-01-30,10:27:22,-08:00,2025-01-30T10:27:22-08:00,0,0
style.css,60,css,8e7f68af,andiigonzalez,2025-01-30,10:27:22,-08:00,2025-01-30T10:27:22-08:00,0,41
style.css,61,css,8e7f68af,andiigonzalez,2025-01-30,10:27:22,-08:00,2025-01-30T10:27:22-08:00,0,13
style.css,62,css,8e7f68af,andiigonzalez,2025-01-30,10:27:22,-08:00,2025-01-30T10:27:22-08:00,0,43
style.css,63,css,8e7f68af,andiigonzalez,2025-01-30,10:27:22,-08:00,2025-01-30T10:27:22-08:00,0,23
style.css,64,css,8e7f68af,andiigonzalez,2025-01-30,10:27:22,-08:00,2025-01-30T10:27:22-08:00,0,12
style.css,65,css,8e7f68af,andiigonzalez,2025-01-30,10:27:22,-08:00,2025-01-30T10:27:22-08:00,0,19
style.css,66,css,8e7f68af,andiigonzalez,2025-01-30,10:27:22,-08:00,2025-01-30T10:27:22-08:00,0,17
style.css,67,css,8e7f68af,andiigonzalez,2025-01-30,10:27:22,-08:00,2025-01-30T10:27:22-08:00,0,0
style.css,68,css,8e7f68af,andiigonzalez,2025-01-30,10:27:22,-08:00,2025-01-30T10:27:22-08:00,0,0
style.css,69,css,8e7f68af,andiigonzalez,2025-01-30,10:27:22,-08:00,2025-01-30T10:27:22-08:00,0,8
style.css,70,css,8e7f68af,andiigonzalez,2025-01-30,10:27:22,-08:00,2025-01-30T10:27:22-08:00,0,15
style.css,71,css,8e7f68af,andiigonzalez,2025-01-30,10:27:22,-08:00,2025-01-30T10:27:22-08:00,0,19
style.css,72,css,8e7f68af,andiigonzalez,2025-01-30,10:27:22,-08:00,2025-01-30T10:27:22-08:00,0,18
style.css,73,css,8e7f68af,andiigonzalez,2025-01-30,10:27:22,-08:00,2025-01-30T10:27:22-08:00,0,0
style.css,74,css,8e7f68af,andiigonzalez,2025-01-30,10:27:22,-08:00,2025-01-30T10:27:22-08:00,0,0
style.css,75,css,8e7f68af,andiigonzalez,2025-01-30,10:27:22,-08:00,2025-01-30T10:27:22-08:00,0,30
style.css,76,css,8e7f68af,andiigonzalez,2025-01-30,10:27:22,-08:00,2025-01-30T10:27:22-08:00,0,17
style.css,77,css,8e7f68af,andiigonzalez,2025-01-30,10:27:22,-08:00,2025-01-30T10:27:22-08:00,0,15
style.css,78,css,8e7f68af,andiigonzalez,2025-01-30,10:27:22,-08:00,2025-01-30T10:27:22-08:00,0,19
style.css,79,css,8e7f68af,andiigonzalez,2025-01-30,10:27:22,-08:00,2025-01-30T10:27:22-08:00,0,17
style.css,80,css,8e7f68af,andiigonzalez,2025-01-30,10:27:22,-08:00,2025-01-30T10:27:22-08:00,0,0
style.css,81,css,8e7f68af,andiigonzalez,2025-01-30,10:27:22,-08:00,2025-01-30T10:27:22-08:00,0,18
style.css,82,css,fd6c4f26,andiigonzalez,2025-01-30,10:03:02,-08:00,2025-01-30T10:03:02-08:00,0,13
style.css,83,css,fd6c4f26,andiigonzalez,2025-01-30,10:03:02,-08:00,2025-01-30T10:03:02-08:00,0,37
style.css,84,css,fd6c4f26,andiigonzalez,2025-01-30,10:03:02,-08:00,2025-01-30T10:03:02-08:00,0,8
style.css,85,css,fd6c4f26,andiigonzalez,2025-01-30,10:03:02,-08:00,2025-01-30T10:03:02-08:00,0,18
style.css,86,css,fd6c4f26,andiigonzalez,2025-01-30,10:03:02,-08:00,2025-01-30T10:03:02-08:00,0,0
style.css,87,css,fd6c4f26,andiigonzalez,2025-01-30,10:03:02,-08:00,2025-01-30T10:03:02-08:00,0,0
style.css,88,css,8e7f68af,andiigonzalez,2025-01-30,10:27:22,-08:00,2025-01-30T10:27:22-08:00,0,18
style.css,89,css,8e7f68af,andiigonzalez,2025-01-30,10:27:22,-08:00,2025-01-30T10:27:22-08:00,0,11
style.css,90,css,fd6c4f26,andiigonzalez,2025-01-30,10:03:02,-08:00,2025-01-30T10:03:02-08:00,0,0
style.css,91,css,8e7f68af,andiigonzalez,2025-01-30,10:27:22,-08:00,2025-01-30T10:27:22-08:00,0,0
style.css,92,css,8e7f68af,andiigonzalez,2025-01-30,10:27:22,-08:00,2025-01-30T10:27:22-08:00,0,18
style.css,93,css,fd6c4f26,andiigonzalez,2025-01-30,10:03:02,-08:00,2025-01-30T10:03:02-08:00,0,9
style.css,94,css,fd6c4f26,andiigonzalez,2025-01-30,10:03:02,-08:00,2025-01-30T10:03:02-08:00,0,11
style.css,95,css,fd6c4f26,andiigonzalez,2025-01-30,10:03:02,-08:00,2025-01-30T10:03:02-08:00,0,0
style.css,96,css,fd6c4f26,andiigonzalez,2025-01-30,10:03:02,-08:00,2025-01-30T10:03:02-08:00,0,0
style.css,97,css,fd6c4f26,andiigonzalez,2025-01-30,10:03:02,-08:00,2025-01-30T10:03:02-08:00,0,0
style.css,98,css,3a059bc0,andiigonzalez,2025-02-07,14:25:35,-08:00,2025-02-07T14:25:35-08:00,0,1
style.css,99,css,3a059bc0,andiigonzalez,2025-02-07,14:25:35,-08:00,2025-02-07T14:25:35-08:00,0,117
style.css,100,css,3a059bc0,andiigonzalez,2025-02-07,14:25:35,-08:00,2025-02-07T14:25:35-08:00,0,118
style.css,101,css,3a059bc0,andiigonzalez,2025-02-07,14:25:35,-08:00,2025-02-07T14:25:35-08:00,0,1
style.css,102,css,931011d8,andiigonzalez,2025-01-16,19:25:40,-08:00,2025-01-16T19:25:40-08:00,0,0
style.css,103,css,931011d8,andiigonzalez,2025-01-16,19:25:40,-08:00,2025-01-16T19:25:40-08:00,0,0
style.css,104,css,931011d8,andiigonzalez,2025-01-16,19:25:40,-08:00,2025-01-16T19:25:40-08:00,0,4
style.css,105,css,931011d8,andiigonzalez,2025-01-16,19:25:40,-08:00,2025-01-16T19:25:40-08:00,0,13
style.css,106,css,931011d8,andiigonzalez,2025-01-16,19:25:40,-08:00,2025-01-16T19:25:40-08:00,0,18
style.css,107,css,931011d8,andiigonzalez,2025-01-16,19:25:40,-08:00,2025-01-16T19:25:40-08:00,0,24
style.css,108,css,931011d8,andiigonzalez,2025-01-16,19:25:40,-08:00,2025-01-16T19:25:40-08:00,0,26
style.css,109,css,ef0b5ad3,Andrea,2025-01-22,13:34:56,-08:00,2025-01-22T13:34:56-08:00,0,40
style.css,110,css,ef0b5ad3,Andrea,2025-01-22,13:34:56,-08:00,2025-01-22T13:34:56-08:00,0,40
style.css,111,css,ef0b5ad3,Andrea,2025-01-22,13:34:56,-08:00,2025-01-22T13:34:56-08:00,0,0
style.css,112,css,931011d8,andiigonzalez,2025-01-16,19:25:40,-08:00,2025-01-16T19:25:40-08:00,0,0
style.css,113,css,dda80866,andiigonzalez,2025-01-17,16:02:10,-08:00,2025-01-17T16:02:10-08:00,0,2
style.css,114,css,dda80866,andiigonzalez,2025-01-17,16:02:10,-08:00,2025-01-17T16:02:10-08:00,0,6
style.css,115,css,dda80866,andiigonzalez,2025-01-17,16:02:10,-08:00,2025-01-17T16:02:10-08:00,0,17
style.css,116,css,dda80866,andiigonzalez,2025-01-17,16:02:10,-08:00,2025-01-17T16:02:10-08:00,0,0
style.css,117,css,931011d8,andiigonzalez,2025-01-16,19:25:40,-08:00,2025-01-16T19:25:40-08:00,0,0
style.css,118,css,dda80866,andiigonzalez,2025-01-17,16:02:10,-08:00,2025-01-17T16:02:10-08:00,0,2
style.css,119,css,dda80866,andiigonzalez,2025-01-17,16:02:10,-08:00,2025-01-17T16:02:10-08:00,0,7
style.css,120,css,dda80866,andiigonzalez,2025-01-17,16:02:10,-08:00,2025-01-17T16:02:10-08:00,0,21
style.css,121,css,dda80866,andiigonzalez,2025-01-17,16:02:10,-08:00,2025-01-17T16:02:10-08:00,0,14
style.css,122,css,dda80866,andiigonzalez,2025-01-17,16:02:10,-08:00,2025-01-17T16:02:10-08:00,0,18
style.css,123,css,dda80866,andiigonzalez,2025-01-17,16:02:10,-08:00,2025-01-17T16:02:10-08:00,0,14
style.css,124,css,dda80866,andiigonzalez,2025-01-17,16:02:10,-08:00,2025-01-17T16:02:10-08:00,0,0
style.css,125,css,dda80866,andiigonzalez,2025-01-17,16:02:10,-08:00,2025-01-17T16:02:10-08:00,0,9
style.css,126,css,dda80866,andiigonzalez,2025-01-17,16:02:10,-08:00,2025-01-17T16:02:10-08:00,0,7
style.css,127,css,dda80866,andiigonzalez,2025-01-17,16:02:10,-08:00,2025-01-17T16:02:10-08:00,0,26
style.css,128,css,dda80866,andiigonzalez,2025-01-17,16:02:10,-08:00,2025-01-17T16:02:10-08:00,0,21
style.css,129,css,ef0b5ad3,Andrea,2025-01-22,13:34:56,-08:00,2025-01-22T13:34:56-08:00,0,40
style.css,130,css,dda80866,andiigonzalez,2025-01-17,16:02:10,-08:00,2025-01-17T16:02:10-08:00,0,0
style.css,131,css,dda80866,andiigonzalez,2025-01-17,16:02:10,-08:00,2025-01-17T16:02:10-08:00,0,0
style.css,132,css,6acbca5a,andiigonzalez,2025-01-20,17:23:11,-08:00,2025-01-20T17:23:11-08:00,0,7
style.css,133,css,ef0b5ad3,Andrea,2025-01-22,13:34:56,-08:00,2025-01-22T13:34:56-08:00,0,46
style.css,134,css,ef0b5ad3,Andrea,2025-01-22,13:34:56,-08:00,2025-01-22T13:34:56-08:00,0,70
style.css,135,css,dda80866,andiigonzalez,2025-01-17,16:02:10,-08:00,2025-01-17T16:02:10-08:00,0,21
style.css,136,css,dda80866,andiigonzalez,2025-01-17,16:02:10,-08:00,2025-01-17T16:02:10-08:00,0,0
style.css,137,css,dda80866,andiigonzalez,2025-01-17,16:02:10,-08:00,2025-01-17T16:02:10-08:00,0,0
style.css,138,css,931011d8,andiigonzalez,2025-01-16,19:25:40,-08:00,2025-01-16T19:25:40-08:00,0,0
style.css,139,css,dda80866,andiigonzalez,2025-01-17,16:02:10,-08:00,2025-01-17T16:02:10-08:00,0,0
style.css,140,css,3a059bc0,andiigonzalez,2025-02-07,14:25:35,-08:00,2025-02-07T14:25:35-08:00,0,1
style.css,141,css,3a059bc0,andiigonzalez,2025-02-07,14:25:35,-08:00,2025-02-07T14:25:35-08:00,0,114
style.css,142,css,3a059bc0,andiigonzalez,2025-02-07,14:25:35,-08:00,2025-02-07T14:25:35-08:00,0,114
style.css,143,css,3a059bc0,andiigonzalez,2025-02-07,14:25:35,-08:00,2025-02-07T14:25:35-08:00,0,1
style.css,144,css,bc27d8d3,andiigonzalez,2025-01-17,15:21:33,-08:00,2025-01-17T15:21:33-08:00,0,0
style.css,145,css,dda80866,andiigonzalez,2025-01-17,16:02:10,-08:00,2025-01-17T16:02:10-08:00,0,9
style.css,146,css,dda80866,andiigonzalez,2025-01-17,16:02:10,-08:00,2025-01-17T16:02:10-08:00,0,12
style.css,147,css,dda80866,andiigonzalez,2025-01-17,16:02:10,-08:00,2025-01-17T16:02:10-08:00,0,59
style.css,148,css,dda80866,andiigonzalez,2025-01-17,16:02:10,-08:00,2025-01-17T16:02:10-08:00,0,8
style.css,149,css,dda80866,andiigonzalez,2025-01-17,16:02:10,-08:00,2025-01-17T16:02:10-08:00,0,0
style.css,150,css,9f9a3b0d,andiigonzalez,2025-01-30,10:35:19,-08:00,2025-01-30T10:35:19-08:00,0,3
style.css,151,css,1dbd3dc3,andiigonzalez,2025-01-30,10:57:44,-08:00,2025-01-30T10:57:44-08:00,0,19
style.css,152,css,1dbd3dc3,andiigonzalez,2025-01-30,10:57:44,-08:00,2025-01-30T10:57:44-08:00,0,11
style.css,153,css,1dbd3dc3,andiigonzalez,2025-01-30,10:57:44,-08:00,2025-01-30T10:57:44-08:00,0,12
style.css,154,css,ef0d6735,andiigonzalez,2025-02-06,20:01:07,-08:00,2025-02-06T20:01:07-08:00,0,21
style.css,155,css,9f9a3b0d,andiigonzalez,2025-01-30,10:35:19,-08:00,2025-01-30T10:35:19-08:00,0,0
style.css,156,css,1dbd3dc3,andiigonzalez,2025-01-30,10:57:44,-08:00,2025-01-30T10:57:44-08:00,0,0
style.css,157,css,dda80866,andiigonzalez,2025-01-17,16:02:10,-08:00,2025-01-17T16:02:10-08:00,0,8
style.css,158,css,dda80866,andiigonzalez,2025-01-17,16:02:10,-08:00,2025-01-17T16:02:10-08:00,0,26
style.css,159,css,dda80866,andiigonzalez,2025-01-17,16:02:10,-08:00,2025-01-17T16:02:10-08:00,0,16
style.css,160,css,1dbd3dc3,andiigonzalez,2025-01-30,10:57:44,-08:00,2025-01-30T10:57:44-08:00,0,14
style.css,161,css,243a9b7a,andiigonzalez,2025-02-07,11:53:33,-08:00,2025-02-07T11:53:33-08:00,0,22
style.css,162,css,243a9b7a,andiigonzalez,2025-02-07,11:53:33,-08:00,2025-02-07T11:53:33-08:00,0,18
style.css,163,css,243a9b7a,andiigonzalez,2025-02-07,11:53:33,-08:00,2025-02-07T11:53:33-08:00,0,13
style.css,164,css,dda80866,andiigonzalez,2025-01-17,16:02:10,-08:00,2025-01-17T16:02:10-08:00,0,0
style.css,165,css,65c6a8e7,andiigonzalez,2025-02-06,20:21:51,-08:00,2025-02-06T20:21:51-08:00,0,2
style.css,166,css,65c6a8e7,andiigonzalez,2025-02-06,20:21:51,-08:00,2025-02-06T20:21:51-08:00,0,16
style.css,167,css,7f8c37d1,andiigonzalez,2025-02-06,21:48:47,-08:00,2025-02-06T21:48:47-08:00,0,17
style.css,168,css,65c6a8e7,andiigonzalez,2025-02-06,20:21:51,-08:00,2025-02-06T20:21:51-08:00,0,0
style.css,169,css,65c6a8e7,andiigonzalez,2025-02-06,20:21:51,-08:00,2025-02-06T20:21:51-08:00,0,0
style.css,170,css,dda80866,andiigonzalez,2025-01-17,16:02:10,-08:00,2025-01-17T16:02:10-08:00,0,3
style.css,171,css,1dbd3dc3,andiigonzalez,2025-01-30,10:57:44,-08:00,2025-01-30T10:57:44-08:00,0,14
style.css,172,css,243a9b7a,andiigonzalez,2025-02-07,11:53:33,-08:00,2025-02-07T11:53:33-08:00,0,19
style.css,173,css,243a9b7a,andiigonzalez,2025-02-07,11:53:33,-08:00,2025-02-07T11:53:33-08:00,0,17
style.css,174,css,ef0d6735,andiigonzalez,2025-02-06,20:01:07,-08:00,2025-02-06T20:01:07-08:00,0,21
style.css,175,css,ef0d6735,andiigonzalez,2025-02-06,20:01:07,-08:00,2025-02-06T20:01:07-08:00,0,19
style.css,176,css,dda80866,andiigonzalez,2025-01-17,16:02:10,-08:00,2025-01-17T16:02:10-08:00,0,8
style.css,177,css,65c6a8e7,andiigonzalez,2025-02-06,20:21:51,-08:00,2025-02-06T20:21:51-08:00,0,16
style.css,178,css,dda80866,andiigonzalez,2025-01-17,16:02:10,-08:00,2025-01-17T16:02:10-08:00,0,0
style.css,179,css,dda80866,andiigonzalez,2025-01-17,16:02:10,-08:00,2025-01-17T16:02:10-08:00,0,23
style.css,180,css,dda80866,andiigonzalez,2025-01-17,16:02:10,-08:00,2025-01-17T16:02:10-08:00,0,16
style.css,181,css,9d602b7f,andiigonzalez,2025-01-17,19:07:19,-08:00,2025-01-17T19:07:19-08:00,0,19
style.css,182,css,9d602b7f,andiigonzalez,2025-01-17,19:07:19,-08:00,2025-01-17T19:07:19-08:00,0,0
style.css,183,css,9d602b7f,andiigonzalez,2025-01-17,19:07:19,-08:00,2025-01-17T19:07:19-08:00,0,7
style.css,184,css,9d602b7f,andiigonzalez,2025-01-17,19:07:19,-08:00,2025-01-17T19:07:19-08:00,0,45
style.css,185,css,9d602b7f,andiigonzalez,2025-01-17,19:07:19,-08:00,2025-01-17T19:07:19-08:00,0,58
style.css,186,css,9d602b7f,andiigonzalez,2025-01-17,19:07:19,-08:00,2025-01-17T19:07:19-08:00,0,21
style.css,187,css,9d602b7f,andiigonzalez,2025-01-17,19:07:19,-08:00,2025-01-17T19:07:19-08:00,0,0
style.css,188,css,dda80866,andiigonzalez,2025-01-17,16:02:10,-08:00,2025-01-17T16:02:10-08:00,0,0
style.css,189,css,dda80866,andiigonzalez,2025-01-17,16:02:10,-08:00,2025-01-17T16:02:10-08:00,0,0
style.css,190,css,dda80866,andiigonzalez,2025-01-17,16:02:10,-08:00,2025-01-17T16:02:10-08:00,0,0
style.css,191,css,ef0d6735,andiigonzalez,2025-02-06,20:01:07,-08:00,2025-02-06T20:01:07-08:00,0,14
style.css,192,css,3a059bc0,andiigonzalez,2025-02-07,14:25:35,-08:00,2025-02-07T14:25:35-08:00,0,46
style.css,193,css,ef0d6735,andiigonzalez,2025-02-06,20:01:07,-08:00,2025-02-06T20:01:07-08:00,0,14
style.css,194,css,ef0d6735,andiigonzalez,2025-02-06,20:01:07,-08:00,2025-02-06T20:01:07-08:00,0,18
style.css,195,css,3a059bc0,andiigonzalez,2025-02-07,14:25:35,-08:00,2025-02-07T14:25:35-08:00,0,12
style.css,196,css,ef0d6735,andiigonzalez,2025-02-06,20:01:07,-08:00,2025-02-06T20:01:07-08:00,0,0
style.css,197,css,ef0d6735,andiigonzalez,2025-02-06,20:01:07,-08:00,2025-02-06T20:01:07-08:00,0,4
style.css,198,css,ef0d6735,andiigonzalez,2025-02-06,20:01:07,-08:00,2025-02-06T20:01:07-08:00,0,15
style.css,199,css,65c6a8e7,andiigonzalez,2025-02-06,20:21:51,-08:00,2025-02-06T20:21:51-08:00,0,17
style.css,200,css,ef0d6735,andiigonzalez,2025-02-06,20:01:07,-08:00,2025-02-06T20:01:07-08:00,0,17
style.css,201,css,ef0d6735,andiigonzalez,2025-02-06,20:01:07,-08:00,2025-02-06T20:01:07-08:00,0,0
style.css,202,css,3a059bc0,andiigonzalez,2025-02-07,14:25:35,-08:00,2025-02-07T14:25:35-08:00,0,0
style.css,203,css,3a059bc0,andiigonzalez,2025-02-07,14:25:35,-08:00,2025-02-07T14:25:35-08:00,0,1
style.css,204,css,3a059bc0,andiigonzalez,2025-02-07,14:25:35,-08:00,2025-02-07T14:25:35-08:00,0,114
style.css,205,css,3a059bc0,andiigonzalez,2025-02-07,14:25:35,-08:00,2025-02-07T14:25:35-08:00,0,114
style.css,206,css,3a059bc0,andiigonzalez,2025-02-07,14:25:35,-08:00,2025-02-07T14:25:35-08:00,0,1
style.css,207,css,3a059bc0,andiigonzalez,2025-02-07,14:25:35,-08:00,2025-02-07T14:25:35-08:00,0,0
style.css,208,css,ef0d6735,andiigonzalez,2025-02-06,20:01:07,-08:00,2025-02-06T20:01:07-08:00,0,19
style.css,209,css,ef0d6735,andiigonzalez,2025-02-06,20:01:07,-08:00,2025-02-06T20:01:07-08:00,0,11
style.css,210,css,ef0d6735,andiigonzalez,2025-02-06,20:01:07,-08:00,2025-02-06T20:01:07-08:00,0,12
style.css,211,css,ef0d6735,andiigonzalez,2025-02-06,20:01:07,-08:00,2025-02-06T20:01:07-08:00,0,14
style.css,212,css,ef0d6735,andiigonzalez,2025-02-06,20:01:07,-08:00,2025-02-06T20:01:07-08:00,0,14
style.css,213,css,ef0d6735,andiigonzalez,2025-02-06,20:01:07,-08:00,2025-02-06T20:01:07-08:00,0,14
style.css,214,css,ef0d6735,andiigonzalez,2025-02-06,20:01:07,-08:00,2025-02-06T20:01:07-08:00,0,17
style.css,215,css,ef0d6735,andiigonzalez,2025-02-06,20:01:07,-08:00,2025-02-06T20:01:07-08:00,0,17
style.css,216,css,ef0d6735,andiigonzalez,2025-02-06,20:01:07,-08:00,2025-02-06T20:01:07-08:00,0,0
style.css,217,css,ef0d6735,andiigonzalez,2025-02-06,20:01:07,-08:00,2025-02-06T20:01:07-08:00,0,0
style.css,218,css,ef0d6735,andiigonzalez,2025-02-06,20:01:07,-08:00,2025-02-06T20:01:07-08:00,0,7
style.css,219,css,ef0d6735,andiigonzalez,2025-02-06,20:01:07,-08:00,2025-02-06T20:01:07-08:00,0,13
style.css,220,css,ef0d6735,andiigonzalez,2025-02-06,20:01:07,-08:00,2025-02-06T20:01:07-08:00,0,15
style.css,221,css,ef0d6735,andiigonzalez,2025-02-06,20:01:07,-08:00,2025-02-06T20:01:07-08:00,0,9
style.css,222,css,ef0d6735,andiigonzalez,2025-02-06,20:01:07,-08:00,2025-02-06T20:01:07-08:00,0,18
style.css,223,css,ef0d6735,andiigonzalez,2025-02-06,20:01:07,-08:00,2025-02-06T20:01:07-08:00,0,22
style.css,224,css,ef0d6735,andiigonzalez,2025-02-06,20:01:07,-08:00,2025-02-06T20:01:07-08:00,0,13
style.css,225,css,ef0d6735,andiigonzalez,2025-02-06,20:01:07,-08:00,2025-02-06T20:01:07-08:00,0,22
style.css,226,css,ef0d6735,andiigonzalez,2025-02-06,20:01:07,-08:00,2025-02-06T20:01:07-08:00,0,23
style.css,227,css,ef0d6735,andiigonzalez,2025-02-06,20:01:07,-08:00,2025-02-06T20:01:07-08:00,0,14
style.css,228,css,ef0d6735,andiigonzalez,2025-02-06,20:01:07,-08:00,2025-02-06T20:01:07-08:00,0,0
style.css,229,css,ef0d6735,andiigonzalez,2025-02-06,20:01:07,-08:00,2025-02-06T20:01:07-08:00,0,0
style.css,230,css,ef0d6735,andiigonzalez,2025-02-06,20:01:07,-08:00,2025-02-06T20:01:07-08:00,0,12
style.css,231,css,ef0d6735,andiigonzalez,2025-02-06,20:01:07,-08:00,2025-02-06T20:01:07-08:00,0,13
style.css,232,css,ef0d6735,andiigonzalez,2025-02-06,20:01:07,-08:00,2025-02-06T20:01:07-08:00,0,19
style.css,233,css,ef0d6735,andiigonzalez,2025-02-06,20:01:07,-08:00,2025-02-06T20:01:07-08:00,0,8
style.css,234,css,ef0d6735,andiigonzalez,2025-02-06,20:01:07,-08:00,2025-02-06T20:01:07-08:00,0,12
style.css,235,css,ef0d6735,andiigonzalez,2025-02-06,20:01:07,-08:00,2025-02-06T20:01:07-08:00,0,19
style.css,236,css,ef0d6735,andiigonzalez,2025-02-06,20:01:07,-08:00,2025-02-06T20:01:07-08:00,0,14
style.css,237,css,ef0d6735,andiigonzalez,2025-02-06,20:01:07,-08:00,2025-02-06T20:01:07-08:00,0,0
style.css,238,css,ef0d6735,andiigonzalez,2025-02-06,20:01:07,-08:00,2025-02-06T20:01:07-08:00,0,0
style.css,239,css,ef0d6735,andiigonzalez,2025-02-06,20:01:07,-08:00,2025-02-06T20:01:07-08:00,0,16
style.css,240,css,ef0d6735,andiigonzalez,2025-02-06,20:01:07,-08:00,2025-02-06T20:01:07-08:00,0,11
style.css,241,css,ef0d6735,andiigonzalez,2025-02-06,20:01:07,-08:00,2025-02-06T20:01:07-08:00,0,12
style.css,242,css,ef0d6735,andiigonzalez,2025-02-06,20:01:07,-08:00,2025-02-06T20:01:07-08:00,0,18
style.css,243,css,ef0d6735,andiigonzalez,2025-02-06,20:01:07,-08:00,2025-02-06T20:01:07-08:00,0,21
style.css,244,css,ef0d6735,andiigonzalez,2025-02-06,20:01:07,-08:00,2025-02-06T20:01:07-08:00,0,8
style.css,245,css,ef0d6735,andiigonzalez,2025-02-06,20:01:07,-08:00,2025-02-06T20:01:07-08:00,0,30
style.css,246,css,ef0d6735,andiigonzalez,2025-02-06,20:01:07,-08:00,2025-02-06T20:01:07-08:00,0,0
style.css,247,css,ef0d6735,andiigonzalez,2025-02-06,20:01:07,-08:00,2025-02-06T20:01:07-08:00,0,0
style.css,248,css,ef0d6735,andiigonzalez,2025-02-06,20:01:07,-08:00,2025-02-06T20:01:07-08:00,0,0
style.css,249,css,ef0d6735,andiigonzalez,2025-02-06,20:01:07,-08:00,2025-02-06T20:01:07-08:00,0,10
style.css,250,css,ef0d6735,andiigonzalez,2025-02-06,20:01:07,-08:00,2025-02-06T20:01:07-08:00,0,13
style.css,251,css,ef0d6735,andiigonzalez,2025-02-06,20:01:07,-08:00,2025-02-06T20:01:07-08:00,0,15
style.css,252,css,ef0d6735,andiigonzalez,2025-02-06,20:01:07,-08:00,2025-02-06T20:01:07-08:00,0,19
style.css,253,css,ef0d6735,andiigonzalez,2025-02-06,20:01:07,-08:00,2025-02-06T20:01:07-08:00,0,23
style.css,254,css,ef0d6735,andiigonzalez,2025-02-06,20:01:07,-08:00,2025-02-06T20:01:07-08:00,0,9
style.css,255,css,ef0d6735,andiigonzalez,2025-02-06,20:01:07,-08:00,2025-02-06T20:01:07-08:00,0,15
style.css,256,css,ef0d6735,andiigonzalez,2025-02-06,20:01:07,-08:00,2025-02-06T20:01:07-08:00,0,0
style.css,257,css,ef0d6735,andiigonzalez,2025-02-06,20:01:07,-08:00,2025-02-06T20:01:07-08:00,0,0
style.css,258,css,ef0d6735,andiigonzalez,2025-02-06,20:01:07,-08:00,2025-02-06T20:01:07-08:00,0,0
style.css,259,css,bc27d8d3,andiigonzalez,2025-01-17,15:21:33,-08:00,2025-01-17T15:21:33-08:00,0,0
style.css,260,css,65c6a8e7,andiigonzalez,2025-02-06,20:21:51,-08:00,2025-02-06T20:21:51-08:00,0,11
style.css,261,css,65c6a8e7,andiigonzalez,2025-02-06,20:21:51,-08:00,2025-02-06T20:21:51-08:00,0,10
style.css,262,css,65c6a8e7,andiigonzalez,2025-02-06,20:21:51,-08:00,2025-02-06T20:21:51-08:00,0,14
style.css,263,css,65c6a8e7,andiigonzalez,2025-02-06,20:21:51,-08:00,2025-02-06T20:21:51-08:00,0,22
style.css,264,css,65c6a8e7,andiigonzalez,2025-02-06,20:21:51,-08:00,2025-02-06T20:21:51-08:00,0,20
style.css,265,css,65c6a8e7,andiigonzalez,2025-02-06,20:21:51,-08:00,2025-02-06T20:21:51-08:00,0,18
style.css,266,css,65c6a8e7,andiigonzalez,2025-02-06,20:21:51,-08:00,2025-02-06T20:21:51-08:00,0,0
style.css,267,css,65c6a8e7,andiigonzalez,2025-02-06,20:21:51,-08:00,2025-02-06T20:21:51-08:00,0,0
style.css,268,css,65c6a8e7,andiigonzalez,2025-02-06,20:21:51,-08:00,2025-02-06T20:21:51-08:00,0,0
style.css,269,css,65c6a8e7,andiigonzalez,2025-02-06,20:21:51,-08:00,2025-02-06T20:21:51-08:00,0,20
style.css,270,css,65c6a8e7,andiigonzalez,2025-02-06,20:21:51,-08:00,2025-02-06T20:21:51-08:00,0,17
style.css,271,css,65c6a8e7,andiigonzalez,2025-02-06,20:21:51,-08:00,2025-02-06T20:21:51-08:00,0,12
style.css,272,css,65c6a8e7,andiigonzalez,2025-02-06,20:21:51,-08:00,2025-02-06T20:21:51-08:00,0,0
style.css,273,css,65c6a8e7,andiigonzalez,2025-02-06,20:21:51,-08:00,2025-02-06T20:21:51-08:00,0,0
style.css,274,css,65c6a8e7,andiigonzalez,2025-02-06,20:21:51,-08:00,2025-02-06T20:21:51-08:00,0,0
style.css,275,css,65c6a8e7,andiigonzalez,2025-02-06,20:21:51,-08:00,2025-02-06T20:21:51-08:00,0,5
style.css,276,css,e0a23f19,andiigonzalez,2025-02-07,14:58:38,-08:00,2025-02-07T14:58:38-08:00,0,36
style.css,277,css,65c6a8e7,andiigonzalez,2025-02-06,20:21:51,-08:00,2025-02-06T20:21:51-08:00,0,15
style.css,278,css,65c6a8e7,andiigonzalez,2025-02-06,20:21:51,-08:00,2025-02-06T20:21:51-08:00,0,0
style.css,279,css,65c6a8e7,andiigonzalez,2025-02-06,20:21:51,-08:00,2025-02-06T20:21:51-08:00,0,0
style.css,280,css,65c6a8e7,andiigonzalez,2025-02-06,20:21:51,-08:00,2025-02-06T20:21:51-08:00,0,10
style.css,281,css,65c6a8e7,andiigonzalez,2025-02-06,20:21:51,-08:00,2025-02-06T20:21:51-08:00,0,36
style.css,282,css,65c6a8e7,andiigonzalez,2025-02-06,20:21:51,-08:00,2025-02-06T20:21:51-08:00,0,0
style.css,283,css,65c6a8e7,andiigonzalez,2025-02-06,20:21:51,-08:00,2025-02-06T20:21:51-08:00,0,11
style.css,284,css,65c6a8e7,andiigonzalez,2025-02-06,20:21:51,-08:00,2025-02-06T20:21:51-08:00,0,18
style.css,285,css,65c6a8e7,andiigonzalez,2025-02-06,20:21:51,-08:00,2025-02-06T20:21:51-08:00,0,0
style.css,286,css,65c6a8e7,andiigonzalez,2025-02-06,20:21:51,-08:00,2025-02-06T20:21:51-08:00,0,0
style.css,287,css,65c6a8e7,andiigonzalez,2025-02-06,20:21:51,-08:00,2025-02-06T20:21:51-08:00,0,0
style.css,288,css,65c6a8e7,andiigonzalez,2025-02-06,20:21:51,-08:00,2025-02-06T20:21:51-08:00,0,0
style.css,289,css,931011d8,andiigonzalez,2025-01-16,19:25:40,-08:00,2025-01-16T19:25:40-08:00,0,0
style.css,290,css,3a059bc0,andiigonzalez,2025-02-07,14:25:35,-08:00,2025-02-07T14:25:35-08:00,0,1
style.css,291,css,3a059bc0,andiigonzalez,2025-02-07,14:25:35,-08:00,2025-02-07T14:25:35-08:00,0,114
style.css,292,css,3a059bc0,andiigonzalez,2025-02-07,14:25:35,-08:00,2025-02-07T14:25:35-08:00,0,114
style.css,293,css,3a059bc0,andiigonzalez,2025-02-07,14:25:35,-08:00,2025-02-07T14:25:35-08:00,0,1
style.css,294,css,6e98f840,andiigonzalez,2025-01-16,22:45:59,-08:00,2025-01-16T22:45:59-08:00,0,15
style.css,295,css,6e98f840,andiigonzalez,2025-01-16,22:45:59,-08:00,2025-01-16T22:45:59-08:00,0,11
style.css,296,css,6e98f840,andiigonzalez,2025-01-16,22:45:59,-08:00,2025-01-16T22:45:59-08:00,0,13
style.css,297,css,6e98f840,andiigonzalez,2025-01-16,22:45:59,-08:00,2025-01-16T22:45:59-08:00,0,13
style.css,298,css,6e98f840,andiigonzalez,2025-01-16,22:45:59,-08:00,2025-01-16T22:45:59-08:00,0,14
style.css,299,css,6e98f840,andiigonzalez,2025-01-16,22:45:59,-08:00,2025-01-16T22:45:59-08:00,0,0
style.css,300,css,6e98f840,andiigonzalez,2025-01-16,22:45:59,-08:00,2025-01-16T22:45:59-08:00,0,7
style.css,301,css,6e98f840,andiigonzalez,2025-01-16,22:45:59,-08:00,2025-01-16T22:45:59-08:00,0,13
style.css,302,css,6e98f840,andiigonzalez,2025-01-16,22:45:59,-08:00,2025-01-16T22:45:59-08:00,0,11
style.css,303,css,6e98f840,andiigonzalez,2025-01-16,22:45:59,-08:00,2025-01-16T22:45:59-08:00,0,13
style.css,304,css,6e98f840,andiigonzalez,2025-01-16,22:45:59,-08:00,2025-01-16T22:45:59-08:00,0,14
style.css,305,css,931011d8,andiigonzalez,2025-01-16,19:25:40,-08:00,2025-01-16T19:25:40-08:00,0,13
style.css,306,css,931011d8,andiigonzalez,2025-01-16,19:25:40,-08:00,2025-01-16T19:25:40-08:00,0,0
style.css,307,css,6e98f840,andiigonzalez,2025-01-16,22:45:59,-08:00,2025-01-16T22:45:59-08:00,0,0
style.css,308,css,6e98f840,andiigonzalez,2025-01-16,22:45:59,-08:00,2025-01-16T22:45:59-08:00,0,5
style.css,309,css,6e98f840,andiigonzalez,2025-01-16,22:45:59,-08:00,2025-01-16T22:45:59-08:00,0,13
style.css,310,css,6e98f840,andiigonzalez,2025-01-16,22:45:59,-08:00,2025-01-16T22:45:59-08:00,0,30
style.css,311,css,6e98f840,andiigonzalez,2025-01-16,22:45:59,-08:00,2025-01-16T22:45:59-08:00,0,19
style.css,312,css,6e98f840,andiigonzalez,2025-01-16,22:45:59,-08:00,2025-01-16T22:45:59-08:00,0,8
style.css,313,css,6e98f840,andiigonzalez,2025-01-16,22:45:59,-08:00,2025-01-16T22:45:59-08:00,0,0
style.css,314,css,931011d8,andiigonzalez,2025-01-16,19:25:40,-08:00,2025-01-16T19:25:40-08:00,0,0
style.css,315,css,931011d8,andiigonzalez,2025-01-16,19:25:40,-08:00,2025-01-16T19:25:40-08:00,0,6
style.css,316,css,6e98f840,andiigonzalez,2025-01-16,22:45:59,-08:00,2025-01-16T22:45:59-08:00,0,13
style.css,317,css,6e98f840,andiigonzalez,2025-01-16,22:45:59,-08:00,2025-01-16T22:45:59-08:00,0,30
style.css,318,css,6e98f840,andiigonzalez,2025-01-16,22:45:59,-08:00,2025-01-16T22:45:59-08:00,0,0
style.css,319,css,6e98f840,andiigonzalez,2025-01-16,22:45:59,-08:00,2025-01-16T22:45:59-08:00,0,0
style.css,320,css,931011d8,andiigonzalez,2025-01-16,19:25:40,-08:00,2025-01-16T19:25:40-08:00,0,0
style.css,321,css,3a059bc0,andiigonzalez,2025-02-07,14:25:35,-08:00,2025-02-07T14:25:35-08:00,0,1
style.css,322,css,3a059bc0,andiigonzalez,2025-02-07,14:25:35,-08:00,2025-02-07T14:25:35-08:00,0,114
style.css,323,css,3a059bc0,andiigonzalez,2025-02-07,14:25:35,-08:00,2025-02-07T14:25:35-08:00,0,114
style.css,324,css,3a059bc0,andiigonzalez,2025-02-07,14:25:35,-08:00,2025-02-07T14:25:35-08:00,0,1
style.css,325,css,9d602b7f,andiigonzalez,2025-01-17,19:07:19,-08:00,2025-01-17T19:07:19-08:00,0,14
style.css,326,css,9d602b7f,andiigonzalez,2025-01-17,19:07:19,-08:00,2025-01-17T19:07:19-08:00,0,17
style.css,327,css,9d602b7f,andiigonzalez,2025-01-17,19:07:19,-08:00,2025-01-17T19:07:19-08:00,0,0
style.css,328,css,931011d8,andiigonzalez,2025-01-16,19:25:40,-08:00,2025-01-16T19:25:40-08:00,0,0
style.css,329,css,9d602b7f,andiigonzalez,2025-01-17,19:07:19,-08:00,2025-01-17T19:07:19-08:00,0,15
style.css,330,css,931011d8,andiigonzalez,2025-01-16,19:25:40,-08:00,2025-01-16T19:25:40-08:00,0,13
style.css,331,css,9d602b7f,andiigonzalez,2025-01-17,19:07:19,-08:00,2025-01-17T19:07:19-08:00,0,30
style.css,332,css,9d602b7f,andiigonzalez,2025-01-17,19:07:19,-08:00,2025-01-17T19:07:19-08:00,0,19
style.css,333,css,9d602b7f,andiigonzalez,2025-01-17,19:07:19,-08:00,2025-01-17T19:07:19-08:00,0,19
style.css,334,css,9d602b7f,andiigonzalez,2025-01-17,19:07:19,-08:00,2025-01-17T19:07:19-08:00,0,0
style.css,335,css,9d602b7f,andiigonzalez,2025-01-17,19:07:19,-08:00,2025-01-17T19:07:19-08:00,0,0
style.css,336,css,9d602b7f,andiigonzalez,2025-01-17,19:07:19,-08:00,2025-01-17T19:07:19-08:00,0,23
style.css,337,css,9d602b7f,andiigonzalez,2025-01-17,19:07:19,-08:00,2025-01-17T19:07:19-08:00,0,7
style.css,338,css,9d602b7f,andiigonzalez,2025-01-17,19:07:19,-08:00,2025-01-17T19:07:19-08:00,0,0
style.css,339,css,9d602b7f,andiigonzalez,2025-01-17,19:07:19,-08:00,2025-01-17T19:07:19-08:00,0,25
style.css,340,css,9d602b7f,andiigonzalez,2025-01-17,19:07:19,-08:00,2025-01-17T19:07:19-08:00,0,38
style.css,341,css,9d602b7f,andiigonzalez,2025-01-17,19:07:19,-08:00,2025-01-17T19:07:19-08:00,0,43
style.css,342,css,9d602b7f,andiigonzalez,2025-01-17,19:07:19,-08:00,2025-01-17T19:07:19-08:00,0,0
style.css,343,css,9d602b7f,andiigonzalez,2025-01-17,19:07:19,-08:00,2025-01-17T19:07:19-08:00,0,16
style.css,344,css,9d602b7f,andiigonzalez,2025-01-17,19:07:19,-08:00,2025-01-17T19:07:19-08:00,0,14
style.css,345,css,9d602b7f,andiigonzalez,2025-01-17,19:07:19,-08:00,2025-01-17T19:07:19-08:00,0,17
style.css,346,css,9d602b7f,andiigonzalez,2025-01-17,19:07:19,-08:00,2025-01-17T19:07:19-08:00,0,41
style.css,347,css,9d602b7f,andiigonzalez,2025-01-17,19:07:19,-08:00,2025-01-17T19:07:19-08:00,0,0
style.css,348,css,9d602b7f,andiigonzalez,2025-01-17,19:07:19,-08:00,2025-01-17T19:07:19-08:00,0,0
style.css,349,css,9d602b7f,andiigonzalez,2025-01-17,19:07:19,-08:00,2025-01-17T19:07:19-08:00,0,24
style.css,350,css,9d602b7f,andiigonzalez,2025-01-17,19:07:19,-08:00,2025-01-17T19:07:19-08:00,0,9
style.css,351,css,9d602b7f,andiigonzalez,2025-01-17,19:07:19,-08:00,2025-01-17T19:07:19-08:00,0,14
style.css,352,css,9d602b7f,andiigonzalez,2025-01-17,19:07:19,-08:00,2025-01-17T19:07:19-08:00,0,16
style.css,353,css,9d602b7f,andiigonzalez,2025-01-17,19:07:19,-08:00,2025-01-17T19:07:19-08:00,0,0
style.css,354,css,9d602b7f,andiigonzalez,2025-01-17,19:07:19,-08:00,2025-01-17T19:07:19-08:00,0,0
style.css,355,css,9d602b7f,andiigonzalez,2025-01-17,19:07:19,-08:00,2025-01-17T19:07:19-08:00,0,7
style.css,356,css,9d602b7f,andiigonzalez,2025-01-17,19:07:19,-08:00,2025-01-17T19:07:19-08:00,0,13
style.css,357,css,9d602b7f,andiigonzalez,2025-01-17,19:07:19,-08:00,2025-01-17T19:07:19-08:00,0,38
style.css,358,css,9d602b7f,andiigonzalez,2025-01-17,19:07:19,-08:00,2025-01-17T19:07:19-08:00,0,9
style.css,359,css,9d602b7f,andiigonzalez,2025-01-17,19:07:19,-08:00,2025-01-17T19:07:19-08:00,0,16
style.css,360,css,9d602b7f,andiigonzalez,2025-01-17,19:07:19,-08:00,2025-01-17T19:07:19-08:00,0,0
style.css,361,css,9d602b7f,andiigonzalez,2025-01-17,19:07:19,-08:00,2025-01-17T19:07:19-08:00,0,14
style.css,362,css,9d602b7f,andiigonzalez,2025-01-17,19:07:19,-08:00,2025-01-17T19:07:19-08:00,0,18
style.css,363,css,9d602b7f,andiigonzalez,2025-01-17,19:07:19,-08:00,2025-01-17T19:07:19-08:00,0,0
style.css,364,css,9d602b7f,andiigonzalez,2025-01-17,19:07:19,-08:00,2025-01-17T19:07:19-08:00,0,0
style.css,365,css,9d602b7f,andiigonzalez,2025-01-17,19:07:19,-08:00,2025-01-17T19:07:19-08:00,0,21
style.css,366,css,931011d8,andiigonzalez,2025-01-16,19:25:40,-08:00,2025-01-16T19:25:40-08:00,0,16
style.css,367,css,9d602b7f,andiigonzalez,2025-01-17,19:07:19,-08:00,2025-01-17T19:07:19-08:00,0,23
style.css,368,css,9d602b7f,andiigonzalez,2025-01-17,19:07:19,-08:00,2025-01-17T19:07:19-08:00,0,0
style.css,369,css,9d602b7f,andiigonzalez,2025-01-17,19:07:19,-08:00,2025-01-17T19:07:19-08:00,0,0
style.css,370,css,9d602b7f,andiigonzalez,2025-01-17,19:07:19,-08:00,2025-01-17T19:07:19-08:00,0,18
style.css,371,css,9d602b7f,andiigonzalez,2025-01-17,19:07:19,-08:00,2025-01-17T19:07:19-08:00,0,12
style.css,372,css,9d602b7f,andiigonzalez,2025-01-17,19:07:19,-08:00,2025-01-17T19:07:19-08:00,0,18
style.css,373,css,ef0b5ad3,Andrea,2025-01-22,13:34:56,-08:00,2025-01-22T13:34:56-08:00,0,0
resume.html,1,html,f670c2eb,andiigonzalez,2025-01-15,21:44:06,-08:00,2025-01-15T21:44:06-08:00,0,14
resume.html,2,html,f670c2eb,andiigonzalez,2025-01-15,21:44:06,-08:00,2025-01-15T21:44:06-08:00,0,15
resume.html,3,html,f670c2eb,andiigonzalez,2025-01-15,21:44:06,-08:00,2025-01-15T21:44:06-08:00,0,5
resume.html,4,html,f670c2eb,andiigonzalez,2025-01-15,21:44:06,-08:00,2025-01-15T21:44:06-08:00,0,21
resume.html,5,html,f670c2eb,andiigonzalez,2025-01-15,21:44:06,-08:00,2025-01-15T21:44:06-08:00,0,69
resume.html,6,html,3b9c142f,andiigonzalez,2025-01-15,22:02:30,-08:00,2025-01-15T22:02:30-08:00,0,45
resume.html,7,html,1421f71d,andiigonzalez,2025-01-16,19:57:27,-08:00,2025-01-16T19:57:27-08:00,0,39
resume.html,8,html,f670c2eb,andiigonzalez,2025-01-15,21:44:06,-08:00,2025-01-15T21:44:06-08:00,0,6
resume.html,9,html,f670c2eb,andiigonzalez,2025-01-15,21:44:06,-08:00,2025-01-15T21:44:06-08:00,0,5
resume.html,10,html,9d602b7f,andiigonzalez,2025-01-17,19:07:19,-08:00,2025-01-17T19:07:19-08:00,0,0
resume.html,11,html,f670c2eb,andiigonzalez,2025-01-15,21:44:06,-08:00,2025-01-15T21:44:06-08:00,0,27
resume.html,12,html,9d602b7f,andiigonzalez,2025-01-17,19:07:19,-08:00,2025-01-17T19:07:19-08:00,0,23
resume.html,13,html,f670c2eb,andiigonzalez,2025-01-15,21:44:06,-08:00,2025-01-15T21:44:06-08:00,0,7
resume.html,14,html,931011d8,andiigonzalez,2025-01-16,19:25:40,-08:00,2025-01-16T19:25:40-08:00,0,49
resume.html,15,html,f670c2eb,andiigonzalez,2025-01-15,21:44:06,-08:00,2025-01-15T21:44:06-08:00,0,8
resume.html,16,html,9d602b7f,andiigonzalez,2025-01-17,19:07:19,-08:00,2025-01-17T19:07:19-08:00,0,62
resume.html,17,html,9d602b7f,andiigonzalez,2025-01-17,19:07:19,-08:00,2025-01-17T19:07:19-08:00,0,68
resume.html,18,html,9d602b7f,andiigonzalez,2025-01-17,19:07:19,-08:00,2025-01-17T19:07:19-08:00,0,0
resume.html,19,html,f670c2eb,andiigonzalez,2025-01-15,21:44:06,-08:00,2025-01-15T21:44:06-08:00,0,9
resume.html,20,html,9d602b7f,andiigonzalez,2025-01-17,19:07:19,-08:00,2025-01-17T19:07:19-08:00,0,3
resume.html,21,html,f670c2eb,andiigonzalez,2025-01-15,21:44:06,-08:00,2025-01-15T21:44:06-08:00,0,0
resume.html,22,html,f670c2eb,andiigonzalez,2025-01-15,21:44:06,-08:00,2025-01-15T21:44:06-08:00,0,17
resume.html,23,html,9d602b7f,andiigonzalez,2025-01-17,19:07:19,-08:00,2025-01-17T19:07:19-08:00,0,23
resume.html,24,html,f670c2eb,andiigonzalez,2025-01-15,21:44:06,-08:00,2025-01-15T21:44:06-08:00,0,7
resume.html,25,html,931011d8,andiigonzalez,2025-01-16,19:25:40,-08:00,2025-01-16T19:25:40-08:00,0,39
resume.html,26,html,f670c2eb,andiigonzalez,2025-01-15,21:44:06,-08:00,2025-01-15T21:44:06-08:00,0,8
resume.html,27,html,f670c2eb,andiigonzalez,2025-01-15,21:44:06,-08:00,2025-01-15T21:44:06-08:00,0,8
resume.html,28,html,f670c2eb,andiigonzalez,2025-01-15,21:44:06,-08:00,2025-01-15T21:44:06-08:00,0,7
resume.html,29,html,f670c2eb,andiigonzalez,2025-01-15,21:44:06,-08:00,2025-01-15T21:44:06-08:00,0,43
resume.html,30,html,f670c2eb,andiigonzalez,2025-01-15,21:44:06,-08:00,2025-01-15T21:44:06-08:00,0,8
resume.html,31,html,f670c2eb,andiigonzalez,2025-01-15,21:44:06,-08:00,2025-01-15T21:44:06-08:00,0,27
resume.html,32,html,9d602b7f,andiigonzalez,2025-01-17,19:07:19,-08:00,2025-01-17T19:07:19-08:00,0,47
resume.html,33,html,f670c2eb,andiigonzalez,2025-01-15,21:44:06,-08:00,2025-01-15T21:44:06-08:00,0,28
resume.html,34,html,f670c2eb,andiigonzalez,2025-01-15,21:44:06,-08:00,2025-01-15T21:44:06-08:00,0,5
resume.html,35,html,f670c2eb,andiigonzalez,2025-01-15,21:44:06,-08:00,2025-01-15T21:44:06-08:00,0,9
resume.html,36,html,9d602b7f,andiigonzalez,2025-01-17,19:07:19,-08:00,2025-01-17T19:07:19-08:00,0,26
resume.html,37,html,9d602b7f,andiigonzalez,2025-01-17,19:07:19,-08:00,2025-01-17T19:07:19-08:00,0,63
resume.html,38,html,9d602b7f,andiigonzalez,2025-01-17,19:07:19,-08:00,2025-01-17T19:07:19-08:00,0,113
resume.html,39,html,9d602b7f,andiigonzalez,2025-01-17,19:07:19,-08:00,2025-01-17T19:07:19-08:00,0,5
resume.html,40,html,9d602b7f,andiigonzalez,2025-01-17,19:07:19,-08:00,2025-01-17T19:07:19-08:00,0,0
resume.html,41,html,f670c2eb,andiigonzalez,2025-01-15,21:44:06,-08:00,2025-01-15T21:44:06-08:00,0,9
resume.html,42,html,9d602b7f,andiigonzalez,2025-01-17,19:07:19,-08:00,2025-01-17T19:07:19-08:00,0,3
resume.html,43,html,f670c2eb,andiigonzalez,2025-01-15,21:44:06,-08:00,2025-01-15T21:44:06-08:00,0,0
resume.html,44,html,f670c2eb,andiigonzalez,2025-01-15,21:44:06,-08:00,2025-01-15T21:44:06-08:00,0,43
resume.html,45,html,9d602b7f,andiigonzalez,2025-01-17,19:07:19,-08:00,2025-01-17T19:07:19-08:00,0,23
resume.html,46,html,f670c2eb,andiigonzalez,2025-01-15,21:44:06,-08:00,2025-01-15T21:44:06-08:00,0,7
resume.html,47,html,404f036a,andiigonzalez,2025-01-16,20:21:12,-08:00,2025-01-16T20:21:12-08:00,0,65
resume.html,48,html,f670c2eb,andiigonzalez,2025-01-15,21:44:06,-08:00,2025-01-15T21:44:06-08:00,0,8
resume.html,49,html,f670c2eb,andiigonzalez,2025-01-15,21:44:06,-08:00,2025-01-15T21:44:06-08:00,0,8
resume.html,50,html,f670c2eb,andiigonzalez,2025-01-15,21:44:06,-08:00,2025-01-15T21:44:06-08:00,0,7
resume.html,51,html,9d602b7f,andiigonzalez,2025-01-17,19:07:19,-08:00,2025-01-17T19:07:19-08:00,0,47
resume.html,52,html,f670c2eb,andiigonzalez,2025-01-15,21:44:06,-08:00,2025-01-15T21:44:06-08:00,0,8
resume.html,53,html,f670c2eb,andiigonzalez,2025-01-15,21:44:06,-08:00,2025-01-15T21:44:06-08:00,0,27
resume.html,54,html,9d602b7f,andiigonzalez,2025-01-17,19:07:19,-08:00,2025-01-17T19:07:19-08:00,0,49
resume.html,55,html,f670c2eb,andiigonzalez,2025-01-15,21:44:06,-08:00,2025-01-15T21:44:06-08:00,0,26
resume.html,56,html,f670c2eb,andiigonzalez,2025-01-15,21:44:06,-08:00,2025-01-15T21:44:06-08:00,0,5
resume.html,57,html,9d602b7f,andiigonzalez,2025-01-17,19:07:19,-08:00,2025-01-17T19:07:19-08:00,0,9
resume.html,58,html,f670c2eb,andiigonzalez,2025-01-15,21:44:06,-08:00,2025-01-15T21:44:06-08:00,0,25
resume.html,59,html,f670c2eb,andiigonzalez,2025-01-15,21:44:06,-08:00,2025-01-15T21:44:06-08:00,0,81
resume.html,60,html,f670c2eb,andiigonzalez,2025-01-15,21:44:06,-08:00,2025-01-15T21:44:06-08:00,0,81
resume.html,61,html,f670c2eb,andiigonzalez,2025-01-15,21:44:06,-08:00,2025-01-15T21:44:06-08:00,0,4
resume.html,62,html,f670c2eb,andiigonzalez,2025-01-15,21:44:06,-08:00,2025-01-15T21:44:06-08:00,0,8
resume.html,63,html,f670c2eb,andiigonzalez,2025-01-15,21:44:06,-08:00,2025-01-15T21:44:06-08:00,0,7
resume.html,64,html,f670c2eb,andiigonzalez,2025-01-15,21:44:06,-08:00,2025-01-15T21:44:06-08:00,0,43
resume.html,65,html,f670c2eb,andiigonzalez,2025-01-15,21:44:06,-08:00,2025-01-15T21:44:06-08:00,0,8
resume.html,66,html,f670c2eb,andiigonzalez,2025-01-15,21:44:06,-08:00,2025-01-15T21:44:06-08:00,0,27
resume.html,67,html,9d602b7f,andiigonzalez,2025-01-17,19:07:19,-08:00,2025-01-17T19:07:19-08:00,0,53
resume.html,68,html,f670c2eb,andiigonzalez,2025-01-15,21:44:06,-08:00,2025-01-15T21:44:06-08:00,0,26
resume.html,69,html,f670c2eb,andiigonzalez,2025-01-15,21:44:06,-08:00,2025-01-15T21:44:06-08:00,0,5
resume.html,70,html,9d602b7f,andiigonzalez,2025-01-17,19:07:19,-08:00,2025-01-17T19:07:19-08:00,0,9
resume.html,71,html,3b9c142f,andiigonzalez,2025-01-15,22:02:30,-08:00,2025-01-15T22:02:30-08:00,0,25
resume.html,72,html,3b9c142f,andiigonzalez,2025-01-15,22:02:30,-08:00,2025-01-15T22:02:30-08:00,0,81
resume.html,73,html,3b9c142f,andiigonzalez,2025-01-15,22:02:30,-08:00,2025-01-15T22:02:30-08:00,0,81
resume.html,74,html,3b9c142f,andiigonzalez,2025-01-15,22:02:30,-08:00,2025-01-15T22:02:30-08:00,0,4
resume.html,75,html,f670c2eb,andiigonzalez,2025-01-15,21:44:06,-08:00,2025-01-15T21:44:06-08:00,0,9
resume.html,76,html,9d602b7f,andiigonzalez,2025-01-17,19:07:19,-08:00,2025-01-17T19:07:19-08:00,0,3
resume.html,77,html,f670c2eb,andiigonzalez,2025-01-15,21:44:06,-08:00,2025-01-15T21:44:06-08:00,0,0
resume.html,78,html,f670c2eb,andiigonzalez,2025-01-15,21:44:06,-08:00,2025-01-15T21:44:06-08:00,0,14
resume.html,79,html,9d602b7f,andiigonzalez,2025-01-17,19:07:19,-08:00,2025-01-17T19:07:19-08:00,0,23
resume.html,80,html,f670c2eb,andiigonzalez,2025-01-15,21:44:06,-08:00,2025-01-15T21:44:06-08:00,0,7
resume.html,81,html,931011d8,andiigonzalez,2025-01-16,19:25:40,-08:00,2025-01-16T19:25:40-08:00,0,36
resume.html,82,html,f670c2eb,andiigonzalez,2025-01-15,21:44:06,-08:00,2025-01-15T21:44:06-08:00,0,8
resume.html,83,html,9d602b7f,andiigonzalez,2025-01-17,19:07:19,-08:00,2025-01-17T19:07:19-08:00,0,19
resume.html,84,html,9d602b7f,andiigonzalez,2025-01-17,19:07:19,-08:00,2025-01-17T19:07:19-08:00,0,26
resume.html,85,html,2636050f,Andrea,2025-01-24,13:42:26,-08:00,2025-01-24T13:42:26-08:00,0,17
resume.html,86,html,9d602b7f,andiigonzalez,2025-01-17,19:07:19,-08:00,2025-01-17T19:07:19-08:00,0,3
resume.html,87,html,9d602b7f,andiigonzalez,2025-01-17,19:07:19,-08:00,2025-01-17T19:07:19-08:00,0,14
resume.html,88,html,9d602b7f,andiigonzalez,2025-01-17,19:07:19,-08:00,2025-01-17T19:07:19-08:00,0,12
resume.html,89,html,9d602b7f,andiigonzalez,2025-01-17,19:07:19,-08:00,2025-01-17T19:07:19-08:00,0,9
resume.html,90,html,9d602b7f,andiigonzalez,2025-01-17,19:07:19,-08:00,2025-01-17T19:07:19-08:00,0,11
resume.html,91,html,9d602b7f,andiigonzalez,2025-01-17,19:07:19,-08:00,2025-01-17T19:07:19-08:00,0,11
resume.html,92,html,9d602b7f,andiigonzalez,2025-01-17,19:07:19,-08:00,2025-01-17T19:07:19-08:00,0,15
resume.html,93,html,9d602b7f,andiigonzalez,2025-01-17,19:07:19,-08:00,2025-01-17T19:07:19-08:00,0,23
resume.html,94,html,9d602b7f,andiigonzalez,2025-01-17,19:07:19,-08:00,2025-01-17T19:07:19-08:00,0,4
resume.html,95,html,9d602b7f,andiigonzalez,2025-01-17,19:07:19,-08:00,2025-01-17T19:07:19-08:00,0,5
resume.html,96,html,9d602b7f,andiigonzalez,2025-01-17,19:07:19,-08:00,2025-01-17T19:07:19-08:00,0,26
resume.html,97,html,9d602b7f,andiigonzalez,2025-01-17,19:07:19,-08:00,2025-01-17T19:07:19-08:00,0,12
resume.html,98,html,9d602b7f,andiigonzalez,2025-01-17,19:07:19,-08:00,2025-01-17T19:07:19-08:00,0,3
resume.html,99,html,9d602b7f,andiigonzalez,2025-01-17,19:07:19,-08:00,2025-01-17T19:07:19-08:00,0,18
resume.html,100,html,9d602b7f,andiigonzalez,2025-01-17,19:07:19,-08:00,2025-01-17T19:07:19-08:00,0,21
resume.html,101,html,9d602b7f,andiigonzalez,2025-01-17,19:07:19,-08:00,2025-01-17T19:07:19-08:00,0,21
resume.html,102,html,9d602b7f,andiigonzalez,2025-01-17,19:07:19,-08:00,2025-01-17T19:07:19-08:00,0,20
resume.html,103,html,9d602b7f,andiigonzalez,2025-01-17,19:07:19,-08:00,2025-01-17T19:07:19-08:00,0,27
resume.html,104,html,9d602b7f,andiigonzalez,2025-01-17,19:07:19,-08:00,2025-01-17T19:07:19-08:00,0,4
resume.html,105,html,9d602b7f,andiigonzalez,2025-01-17,19:07:19,-08:00,2025-01-17T19:07:19-08:00,0,5
resume.html,106,html,9d602b7f,andiigonzalez,2025-01-17,19:07:19,-08:00,2025-01-17T19:07:19-08:00,0,26
resume.html,107,html,9d602b7f,andiigonzalez,2025-01-17,19:07:19,-08:00,2025-01-17T19:07:19-08:00,0,17
resume.html,108,html,9d602b7f,andiigonzalez,2025-01-17,19:07:19,-08:00,2025-01-17T19:07:19-08:00,0,3
resume.html,109,html,9d602b7f,andiigonzalez,2025-01-17,19:07:19,-08:00,2025-01-17T19:07:19-08:00,0,24
resume.html,110,html,9d602b7f,andiigonzalez,2025-01-17,19:07:19,-08:00,2025-01-17T19:07:19-08:00,0,24
resume.html,111,html,9d602b7f,andiigonzalez,2025-01-17,19:07:19,-08:00,2025-01-17T19:07:19-08:00,0,35
resume.html,112,html,9d602b7f,andiigonzalez,2025-01-17,19:07:19,-08:00,2025-01-17T19:07:19-08:00,0,4
resume.html,113,html,9d602b7f,andiigonzalez,2025-01-17,19:07:19,-08:00,2025-01-17T19:07:19-08:00,0,5
resume.html,114,html,9d602b7f,andiigonzalez,2025-01-17,19:07:19,-08:00,2025-01-17T19:07:19-08:00,0,5
resume.html,115,html,f670c2eb,andiigonzalez,2025-01-15,21:44:06,-08:00,2025-01-15T21:44:06-08:00,0,9
resume.html,116,html,9d602b7f,andiigonzalez,2025-01-17,19:07:19,-08:00,2025-01-17T19:07:19-08:00,0,3
resume.html,117,html,5c5b99a1,Andrea,2025-01-24,13:26:00,-08:00,2025-01-24T13:26:00-08:00,0,47
resume.html,118,html,f670c2eb,andiigonzalez,2025-01-15,21:44:06,-08:00,2025-01-15T21:44:06-08:00,0,6
resume.html,119,html,f670c2eb,andiigonzalez,2025-01-15,21:44:06,-08:00,2025-01-15T21:44:06-08:00,0,6
index.js,1,js,ad82ad15,andiigonzalez,2025-01-29,15:20:36,-08:00,2025-01-29T15:20:36-08:00,0,0
index.js,2,js,e4d42a90,andiigonzalez,2025-01-31,18:00:41,-08:00,2025-01-31T18:00:41-08:00,0,72
index.js,3,js,ad82ad15,andiigonzalez,2025-01-29,15:20:36,-08:00,2025-01-29T15:20:36-08:00,0,0
index.js,4,js,b5354fa5,andiigonzalez,2025-01-30,16:25:15,-08:00,2025-01-30T16:25:15-08:00,0,95
index.js,5,js,2a391b41,andiigonzalez,2025-01-30,11:22:56,-08:00,2025-01-30T11:22:56-08:00,0,44
index.js,6,js,ad82ad15,andiigonzalez,2025-01-29,15:20:36,-08:00,2025-01-29T15:20:36-08:00,0,0
index.js,7,js,40858cad,andiigonzalez,2025-01-29,17:16:42,-08:00,2025-01-29T17:16:42-08:00,0,43
index.js,8,js,ad82ad15,andiigonzalez,2025-01-29,15:20:36,-08:00,2025-01-29T15:20:36-08:00,0,0
index.js,9,js,40858cad,andiigonzalez,2025-01-29,17:16:42,-08:00,2025-01-29T17:16:42-08:00,0,61
index.js,10,js,ad82ad15,andiigonzalez,2025-01-29,15:20:36,-08:00,2025-01-29T15:20:36-08:00,0,0
index.js,11,js,2a391b41,andiigonzalez,2025-01-30,11:22:56,-08:00,2025-01-30T11:22:56-08:00,0,0
index.js,12,js,fd6c4f26,andiigonzalez,2025-01-30,10:03:02,-08:00,2025-01-30T10:03:02-08:00,0,55
index.js,13,js,43a7eefd,andiigonzalez,2025-01-30,11:30:24,-08:00,2025-01-30T11:30:24-08:00,0,47
index.js,14,js,fd6c4f26,andiigonzalez,2025-01-30,10:03:02,-08:00,2025-01-30T10:03:02-08:00,0,0
index.js,15,js,43a7eefd,andiigonzalez,2025-01-30,11:30:24,-08:00,2025-01-30T11:30:24-08:00,0,71
index.js,16,js,fd6c4f26,andiigonzalez,2025-01-30,10:03:02,-08:00,2025-01-30T10:03:02-08:00,0,86
index.js,17,js,fd6c4f26,andiigonzalez,2025-01-30,10:03:02,-08:00,2025-01-30T10:03:02-08:00,0,0
index.js,18,js,fd6c4f26,andiigonzalez,2025-01-30,10:03:02,-08:00,2025-01-30T10:03:02-08:00,0,18
index.js,19,js,fd6c4f26,andiigonzalez,2025-01-30,10:03:02,-08:00,2025-01-30T10:03:02-08:00,0,25
index.js,20,js,8e7f68af,andiigonzalez,2025-01-30,10:27:22,-08:00,2025-01-30T10:27:22-08:00,0,30
index.js,21,js,fd6c4f26,andiigonzalez,2025-01-30,10:03:02,-08:00,2025-01-30T10:03:02-08:00,0,3
index.js,22,js,8e7f68af,andiigonzalez,2025-01-30,10:27:22,-08:00,2025-01-30T10:27:22-08:00,0,50
index.js,23,js,8e7f68af,andiigonzalez,2025-01-30,10:27:22,-08:00,2025-01-30T10:27:22-08:00,0,50
index.js,24,js,8e7f68af,andiigonzalez,2025-01-30,10:27:22,-08:00,2025-01-30T10:27:22-08:00,0,56
index.js,25,js,8e7f68af,andiigonzalez,2025-01-30,10:27:22,-08:00,2025-01-30T10:27:22-08:00,0,56
index.js,26,js,fd6c4f26,andiigonzalez,2025-01-30,10:03:02,-08:00,2025-01-30T10:03:02-08:00,0,4
index.js,27,js,fd6c4f26,andiigonzalez,2025-01-30,10:03:02,-08:00,2025-01-30T10:03:02-08:00,0,1
index.js,28,js,fd6c4f26,andiigonzalez,2025-01-30,10:03:02,-08:00,2025-01-30T10:03:02-08:00,0,0
index.js,29,js,fd6c4f26,andiigonzalez,2025-01-30,10:03:02,-08:00,2025-01-30T10:03:02-08:00,0,0
index.html,1,html,1f75830b,andiigonzalez,2025-01-15,12:33:50,-08:00,2025-01-15T12:33:50-08:00,0,14
index.html,2,html,1f75830b,andiigonzalez,2025-01-15,12:33:50,-08:00,2025-01-15T12:33:50-08:00,0,15
index.html,3,html,1f75830b,andiigonzalez,2025-01-15,12:33:50,-08:00,2025-01-15T12:33:50-08:00,0,5
index.html,4,html,1f75830b,andiigonzalez,2025-01-15,12:33:50,-08:00,2025-01-15T12:33:50-08:00,0,21
index.html,5,html,1f75830b,andiigonzalez,2025-01-15,12:33:50,-08:00,2025-01-15T12:33:50-08:00,0,69
index.html,6,html,9ec653e4,andiigonzalez,2025-01-31,17:54:08,-08:00,2025-01-31T17:54:08-08:00,0,50
index.html,7,html,1421f71d,andiigonzalez,2025-01-16,19:57:27,-08:00,2025-01-16T19:57:27-08:00,0,39
index.html,8,html,1f75830b,andiigonzalez,2025-01-15,12:33:50,-08:00,2025-01-15T12:33:50-08:00,0,6
index.html,9,html,1f75830b,andiigonzalez,2025-01-15,12:33:50,-08:00,2025-01-15T12:33:50-08:00,0,5
index.html,10,html,8e7f68af,andiigonzalez,2025-01-30,10:27:22,-08:00,2025-01-30T10:27:22-08:00,0,49
index.html,11,html,8e7f68af,andiigonzalez,2025-01-30,10:27:22,-08:00,2025-01-30T10:27:22-08:00,0,16
index.html,12,html,8e7f68af,andiigonzalez,2025-01-30,10:27:22,-08:00,2025-01-30T10:27:22-08:00,0,4
index.html,13,html,8e7f68af,andiigonzalez,2025-01-30,10:27:22,-08:00,2025-01-30T10:27:22-08:00,0,123
index.html,14,html,8e7f68af,andiigonzalez,2025-01-30,10:27:22,-08:00,2025-01-30T10:27:22-08:00,0,5
index.html,15,html,8e7f68af,andiigonzalez,2025-01-30,10:27:22,-08:00,2025-01-30T10:27:22-08:00,0,0
index.html,16,html,8e7f68af,andiigonzalez,2025-01-30,10:27:22,-08:00,2025-01-30T10:27:22-08:00,0,24
index.html,17,html,8e7f68af,andiigonzalez,2025-01-30,10:27:22,-08:00,2025-01-30T10:27:22-08:00,0,17
index.html,18,html,8e7f68af,andiigonzalez,2025-01-30,10:27:22,-08:00,2025-01-30T10:27:22-08:00,0,129
index.html,19,html,8e7f68af,andiigonzalez,2025-01-30,10:27:22,-08:00,2025-01-30T10:27:22-08:00,0,6
index.html,20,html,8e7f68af,andiigonzalez,2025-01-30,10:27:22,-08:00,2025-01-30T10:27:22-08:00,0,6
index.html,21,html,8e7f68af,andiigonzalez,2025-01-30,10:27:22,-08:00,2025-01-30T10:27:22-08:00,0,0
index.html,22,html,8e7f68af,andiigonzalez,2025-01-30,10:27:22,-08:00,2025-01-30T10:27:22-08:00,0,40
index.html,23,html,add7ce2e,Andrea,2025-01-31,17:38:11,-08:00,2025-01-31T17:38:11-08:00,0,39
index.html,24,html,8e7f68af,andiigonzalez,2025-01-30,10:27:22,-08:00,2025-01-30T10:27:22-08:00,0,5
index.html,25,html,8e7f68af,andiigonzalez,2025-01-30,10:27:22,-08:00,2025-01-30T10:27:22-08:00,0,5
index.html,26,html,8e7f68af,andiigonzalez,2025-01-30,10:27:22,-08:00,2025-01-30T10:27:22-08:00,0,5
index.html,27,html,8e7f68af,andiigonzalez,2025-01-30,10:27:22,-08:00,2025-01-30T10:27:22-08:00,0,0
index.html,28,html,96ef0902,Andrea,2025-01-22,12:29:05,-08:00,2025-01-22T12:29:05-08:00,0,0
index.html,29,html,b5354fa5,andiigonzalez,2025-01-30,16:25:15,-08:00,2025-01-30T16:25:15-08:00,0,44
index.html,30,html,ad82ad15,andiigonzalez,2025-01-29,15:20:36,-08:00,2025-01-29T15:20:36-08:00,0,0
index.html,31,html,ad82ad15,andiigonzalez,2025-01-29,15:20:36,-08:00,2025-01-29T15:20:36-08:00,0,21
index.html,32,html,ba0b26f8,andiigonzalez,2025-01-29,16:31:55,-08:00,2025-01-29T16:31:55-08:00,0,0
index.html,33,html,ad82ad15,andiigonzalez,2025-01-29,15:20:36,-08:00,2025-01-29T15:20:36-08:00,0,5
index.html,34,html,ad82ad15,andiigonzalez,2025-01-29,15:20:36,-08:00,2025-01-29T15:20:36-08:00,0,0
index.html,35,html,ba0b26f8,andiigonzalez,2025-01-29,16:31:55,-08:00,2025-01-29T16:31:55-08:00,0,46
index.html,36,html,dd58c6e1,andiigonzalez,2025-01-29,15:22:58,-08:00,2025-01-29T15:22:58-08:00,0,45
index.html,37,html,1f75830b,andiigonzalez,2025-01-15,12:33:50,-08:00,2025-01-15T12:33:50-08:00,0,6
index.html,38,html,96ef0902,Andrea,2025-01-22,12:29:05,-08:00,2025-01-22T12:29:05-08:00,0,0
index.html,39,html,623fcfb5,andiigonzalez,2025-01-15,12:43:39,-08:00,2025-01-15T12:43:39-08:00,0,6
global.js,1,js,3fddb6d0,Andrea,2025-01-22,13:28:20,-08:00,2025-01-22T13:28:20-08:00,0,26
global.js,2,js,657f40ec,Andrea,2025-01-22,12:26:15,-08:00,2025-01-22T12:26:15-08:00,0,0
global.js,3,js,fc695103,Andrea,2025-01-22,13:43:40,-08:00,2025-01-22T13:43:40-08:00,0,0
global.js,4,js,41ad5025,Andrea,2025-01-22,12:26:53,-08:00,2025-01-22T12:26:53-08:00,0,42
global.js,5,js,41ad5025,Andrea,2025-01-22,12:26:53,-08:00,2025-01-22T12:26:53-08:00,0,53
global.js,6,js,41ad5025,Andrea,2025-01-22,12:26:53,-08:00,2025-01-22T12:26:53-08:00,0,0
global.js,7,js,3fd6aac9,Andrea,2025-01-22,13:20:53,-08:00,2025-01-22T13:20:53-08:00,0,0
global.js,8,js,fc695103,Andrea,2025-01-22,13:43:40,-08:00,2025-01-22T13:43:40-08:00,0,0
global.js,9,js,3fddb6d0,Andrea,2025-01-22,13:28:20,-08:00,2025-01-22T13:28:20-08:00,0,71
global.js,10,js,3fd6aac9,Andrea,2025-01-22,13:20:53,-08:00,2025-01-22T13:20:53-08:00,0,0
global.js,11,js,fc695103,Andrea,2025-01-22,13:43:40,-08:00,2025-01-22T13:43:40-08:00,0,0
global.js,12,js,3510dd1a,andiigonzalez,2025-01-24,14:20:10,-08:00,2025-01-24T14:20:10-08:00,0,14
global.js,13,js,5879c8b3,Andrea,2025-01-24,14:29:01,-08:00,2025-01-24T14:29:01-08:00,0,26
global.js,14,js,5879c8b3,Andrea,2025-01-24,14:29:01,-08:00,2025-01-24T14:29:01-08:00,0,49
global.js,15,js,d94c6bc0,Andrea,2025-01-24,14:24:26,-08:00,2025-01-24T14:24:26-08:00,0,89
global.js,16,js,d94c6bc0,Andrea,2025-01-24,14:24:26,-08:00,2025-01-24T14:24:26-08:00,0,81
global.js,17,js,3d2c4cd4,Andrea,2025-01-22,12:47:07,-08:00,2025-01-22T12:47:07-08:00,0,76
global.js,18,js,3d2c4cd4,Andrea,2025-01-22,12:47:07,-08:00,2025-01-22T12:47:07-08:00,0,1
global.js,19,js,ac73ba34,Andrea,2025-01-24,14:27:39,-08:00,2025-01-24T14:27:39-08:00,0,61
global.js,20,js,fc695103,Andrea,2025-01-22,13:43:40,-08:00,2025-01-22T13:43:40-08:00,0,39
global.js,21,js,fc695103,Andrea,2025-01-22,13:43:40,-08:00,2025-01-22T13:43:40-08:00,0,37
global.js,22,js,3d2c4cd4,Andrea,2025-01-22,12:47:07,-08:00,2025-01-22T12:47:07-08:00,0,19
global.js,23,js,3d2c4cd4,Andrea,2025-01-22,12:47:07,-08:00,2025-01-22T12:47:07-08:00,0,26
global.js,24,js,3fd6aac9,Andrea,2025-01-22,13:20:53,-08:00,2025-01-22T13:20:53-08:00,0,0
global.js,25,js,3510dd1a,andiigonzalez,2025-01-24,14:20:10,-08:00,2025-01-24T14:20:10-08:00,0,23
global.js,26,js,3fddb6d0,Andrea,2025-01-22,13:28:20,-08:00,2025-01-22T13:28:20-08:00,0,15
global.js,27,js,3fddb6d0,Andrea,2025-01-22,13:28:20,-08:00,2025-01-22T13:28:20-08:00,0,19
global.js,28,js,081b5b9c,Andrea,2025-01-22,12:41:02,-08:00,2025-01-22T12:41:02-08:00,0,0
global.js,29,js,3510dd1a,andiigonzalez,2025-01-24,14:20:10,-08:00,2025-01-24T14:20:10-08:00,0,29
global.js,30,js,ac73ba34,Andrea,2025-01-24,14:27:39,-08:00,2025-01-24T14:27:39-08:00,0,20
global.js,31,js,ac73ba34,Andrea,2025-01-24,14:27:39,-08:00,2025-01-24T14:27:39-08:00,0,0
global.js,32,js,3fddb6d0,Andrea,2025-01-22,13:28:20,-08:00,2025-01-22T13:28:20-08:00,0,0
global.js,33,js,3fddb6d0,Andrea,2025-01-22,13:28:20,-08:00,2025-01-22T13:28:20-08:00,0,37
global.js,34,js,3fd6aac9,Andrea,2025-01-22,13:20:53,-08:00,2025-01-22T13:20:53-08:00,0,12
global.js,35,js,3fddb6d0,Andrea,2025-01-22,13:28:20,-08:00,2025-01-22T13:28:20-08:00,0,21
global.js,36,js,3d2c4cd4,Andrea,2025-01-22,12:47:07,-08:00,2025-01-22T12:47:07-08:00,0,0
global.js,37,js,fc695103,Andrea,2025-01-22,13:43:40,-08:00,2025-01-22T13:43:40-08:00,0,0
global.js,38,js,3fddb6d0,Andrea,2025-01-22,13:28:20,-08:00,2025-01-22T13:28:20-08:00,0,18
global.js,39,js,3fddb6d0,Andrea,2025-01-22,13:28:20,-08:00,2025-01-22T13:28:20-08:00,0,9
global.js,40,js,3fddb6d0,Andrea,2025-01-22,13:28:20,-08:00,2025-01-22T13:28:20-08:00,0,59
global.js,41,js,3fddb6d0,Andrea,2025-01-22,13:28:20,-08:00,2025-01-22T13:28:20-08:00,0,1
global.js,42,js,3d2c4cd4,Andrea,2025-01-22,12:47:07,-08:00,2025-01-22T12:47:07-08:00,0,0
global.js,43,js,fc695103,Andrea,2025-01-22,13:43:40,-08:00,2025-01-22T13:43:40-08:00,0,0
global.js,44,js,3fddb6d0,Andrea,2025-01-22,13:28:20,-08:00,2025-01-22T13:28:20-08:00,0,16
global.js,45,js,3d2c4cd4,Andrea,2025-01-22,12:47:07,-08:00,2025-01-22T12:47:07-08:00,0,19
global.js,46,js,3d2c4cd4,Andrea,2025-01-22,12:47:07,-08:00,2025-01-22T12:47:07-08:00,0,0
global.js,47,js,3d2c4cd4,Andrea,2025-01-22,12:47:07,-08:00,2025-01-22T12:47:07-08:00,0,0
global.js,48,js,3fddb6d0,Andrea,2025-01-22,13:28:20,-08:00,2025-01-22T13:28:20-08:00,0,39
global.js,49,js,3d2c4cd4,Andrea,2025-01-22,12:47:07,-08:00,2025-01-22T12:47:07-08:00,0,17
global.js,50,js,3d2c4cd4,Andrea,2025-01-22,12:47:07,-08:00,2025-01-22T12:47:07-08:00,0,18
global.js,51,js,3fddb6d0,Andrea,2025-01-22,13:28:20,-08:00,2025-01-22T13:28:20-08:00,0,0
global.js,52,js,baca8556,Andrea,2025-01-22,15:03:30,-08:00,2025-01-22T15:03:30-08:00,0,44
global.js,53,js,baca8556,Andrea,2025-01-22,15:03:30,-08:00,2025-01-22T15:03:30-08:00,0,69
global.js,54,js,baca8556,Andrea,2025-01-22,15:03:30,-08:00,2025-01-22T15:03:30-08:00,0,71
global.js,55,js,bf9c82da,andiigonzalez,2025-01-22,19:02:52,-08:00,2025-01-22T19:02:52-08:00,0,0
global.js,56,js,2fb21686,Andrea,2025-01-22,13:36:18,-08:00,2025-01-22T13:36:18-08:00,0,32
global.js,57,js,2fb21686,Andrea,2025-01-22,13:36:18,-08:00,2025-01-22T13:36:18-08:00,0,12
global.js,58,js,2fb21686,Andrea,2025-01-22,13:36:18,-08:00,2025-01-22T13:36:18-08:00,0,0
global.js,59,js,2fb21686,Andrea,2025-01-22,13:36:18,-08:00,2025-01-22T13:36:18-08:00,0,27
global.js,60,js,2fb21686,Andrea,2025-01-22,13:36:18,-08:00,2025-01-22T13:36:18-08:00,0,5
global.js,61,js,2fb21686,Andrea,2025-01-22,13:36:18,-08:00,2025-01-22T13:36:18-08:00,0,7
global.js,62,js,2fb21686,Andrea,2025-01-22,13:36:18,-08:00,2025-01-22T13:36:18-08:00,0,44
global.js,63,js,2fb21686,Andrea,2025-01-22,13:36:18,-08:00,2025-01-22T13:36:18-08:00,0,35
global.js,64,js,2fb21686,Andrea,2025-01-22,13:36:18,-08:00,2025-01-22T13:36:18-08:00,0,33
global.js,65,js,2fb21686,Andrea,2025-01-22,13:36:18,-08:00,2025-01-22T13:36:18-08:00,0,8
global.js,66,js,2fb21686,Andrea,2025-01-22,13:36:18,-08:00,2025-01-22T13:36:18-08:00,0,7
global.js,67,js,2fb21686,Andrea,2025-01-22,13:36:18,-08:00,2025-01-22T13:36:18-08:00,0,0
global.js,68,js,2fb21686,Andrea,2025-01-22,13:36:18,-08:00,2025-01-22T13:36:18-08:00,0,1
global.js,69,js,2fb21686,Andrea,2025-01-22,13:36:18,-08:00,2025-01-22T13:36:18-08:00,0,0
global.js,70,js,e967e780,Andrea,2025-01-22,13:39:04,-08:00,2025-01-22T13:39:04-08:00,0,0
global.js,71,js,fc695103,Andrea,2025-01-22,13:43:40,-08:00,2025-01-22T13:43:40-08:00,0,61
global.js,72,js,bf9c82da,andiigonzalez,2025-01-22,19:02:52,-08:00,2025-01-22T19:02:52-08:00,0,84
global.js,73,js,bf9c82da,andiigonzalez,2025-01-22,19:02:52,-08:00,2025-01-22T19:02:52-08:00,0,71
global.js,74,js,bf9c82da,andiigonzalez,2025-01-22,19:02:52,-08:00,2025-01-22T19:02:52-08:00,0,28
global.js,75,js,bf9c82da,andiigonzalez,2025-01-22,19:02:52,-08:00,2025-01-22T19:02:52-08:00,0,51
global.js,76,js,bf9c82da,andiigonzalez,2025-01-22,19:02:52,-08:00,2025-01-22T19:02:52-08:00,0,36
global.js,77,js,bf9c82da,andiigonzalez,2025-01-22,19:02:52,-08:00,2025-01-22T19:02:52-08:00,0,52
global.js,78,js,e967e780,Andrea,2025-01-22,13:39:04,-08:00,2025-01-22T13:39:04-08:00,0,0
global.js,79,js,bf9c82da,andiigonzalez,2025-01-22,19:02:52,-08:00,2025-01-22T19:02:52-08:00,0,26
global.js,80,js,bf9c82da,andiigonzalez,2025-01-22,19:02:52,-08:00,2025-01-22T19:02:52-08:00,0,0
global.js,81,js,bf9c82da,andiigonzalez,2025-01-22,19:02:52,-08:00,2025-01-22T19:02:52-08:00,0,0
global.js,82,js,e967e780,Andrea,2025-01-22,13:39:04,-08:00,2025-01-22T13:39:04-08:00,0,50
global.js,83,js,e967e780,Andrea,2025-01-22,13:39:04,-08:00,2025-01-22T13:39:04-08:00,0,38
global.js,84,js,baca8556,Andrea,2025-01-22,15:03:30,-08:00,2025-01-22T15:03:30-08:00,0,68
global.js,85,js,f5d91bee,andiigonzalez,2025-01-22,18:53:25,-08:00,2025-01-22T18:53:25-08:00,0,0
global.js,86,js,baca8556,Andrea,2025-01-22,15:03:30,-08:00,2025-01-22T15:03:30-08:00,0,28
global.js,87,js,baca8556,Andrea,2025-01-22,15:03:30,-08:00,2025-01-22T15:03:30-08:00,0,51
global.js,88,js,f5d91bee,andiigonzalez,2025-01-22,18:53:25,-08:00,2025-01-22T18:53:25-08:00,0,66
global.js,89,js,baca8556,Andrea,2025-01-22,15:03:30,-08:00,2025-01-22T15:03:30-08:00,0,36
global.js,90,js,baca8556,Andrea,2025-01-22,15:03:30,-08:00,2025-01-22T15:03:30-08:00,0,52
global.js,91,js,f5d91bee,andiigonzalez,2025-01-22,18:53:25,-08:00,2025-01-22T18:53:25-08:00,0,67
global.js,92,js,f5d91bee,andiigonzalez,2025-01-22,18:53:25,-08:00,2025-01-22T18:53:25-08:00,0,7
global.js,93,js,bf9c82da,andiigonzalez,2025-01-22,19:02:52,-08:00,2025-01-22T19:02:52-08:00,0,0
global.js,94,js,f5d91bee,andiigonzalez,2025-01-22,18:53:25,-08:00,2025-01-22T18:53:25-08:00,0,72
global.js,95,js,baca8556,Andrea,2025-01-22,15:03:30,-08:00,2025-01-22T15:03:30-08:00,0,0
global.js,96,js,f5d91bee,andiigonzalez,2025-01-22,18:53:25,-08:00,2025-01-22T18:53:25-08:00,0,0
global.js,97,js,e4d42a90,andiigonzalez,2025-01-31,18:00:41,-08:00,2025-01-31T18:00:41-08:00,0,38
global.js,98,js,e4d42a90,andiigonzalez,2025-01-31,18:00:41,-08:00,2025-01-31T18:00:41-08:00,0,37
global.js,99,js,e967e780,Andrea,2025-01-22,13:39:04,-08:00,2025-01-22T13:39:04-08:00,0,2
global.js,100,js,e967e780,Andrea,2025-01-22,13:39:04,-08:00,2025-01-22T13:39:04-08:00,0,0
global.js,101,js,43ba2fc2,andiigonzalez,2025-01-22,19:04:18,-08:00,2025-01-22T19:04:18-08:00,0,0
global.js,102,js,43ba2fc2,andiigonzalez,2025-01-22,19:04:18,-08:00,2025-01-22T19:04:18-08:00,0,52
global.js,103,js,43ba2fc2,andiigonzalez,2025-01-22,19:04:18,-08:00,2025-01-22T19:04:18-08:00,0,50
global.js,104,js,43ba2fc2,andiigonzalez,2025-01-22,19:04:18,-08:00,2025-01-22T19:04:18-08:00,0,22
global.js,105,js,43ba2fc2,andiigonzalez,2025-01-22,19:04:18,-08:00,2025-01-22T19:04:18-08:00,0,0
global.js,106,js,43ba2fc2,andiigonzalez,2025-01-22,19:04:18,-08:00,2025-01-22T19:04:18-08:00,0,31
global.js,107,js,43ba2fc2,andiigonzalez,2025-01-22,19:04:18,-08:00,2025-01-22T19:04:18-08:00,0,33
global.js,108,js,43ba2fc2,andiigonzalez,2025-01-22,19:04:18,-08:00,2025-01-22T19:04:18-08:00,0,32
global.js,109,js,43ba2fc2,andiigonzalez,2025-01-22,19:04:18,-08:00,2025-01-22T19:04:18-08:00,0,88
global.js,110,js,43ba2fc2,andiigonzalez,2025-01-22,19:04:18,-08:00,2025-01-22T19:04:18-08:00,0,0
global.js,111,js,e4d42a90,andiigonzalez,2025-01-31,18:00:41,-08:00,2025-01-31T18:00:41-08:00,0,0
global.js,112,js,43ba2fc2,andiigonzalez,2025-01-22,19:04:18,-08:00,2025-01-22T19:04:18-08:00,0,19
global.js,113,js,43ba2fc2,andiigonzalez,2025-01-22,19:04:18,-08:00,2025-01-22T19:04:18-08:00,0,2
global.js,114,js,c96e0f22,andiigonzalez,2025-01-29,12:21:35,-08:00,2025-01-29T12:21:35-08:00,0,0
global.js,115,js,c96e0f22,andiigonzalez,2025-01-29,12:21:35,-08:00,2025-01-29T12:21:35-08:00,0,12
global.js,116,js,c96e0f22,andiigonzalez,2025-01-29,12:21:35,-08:00,2025-01-29T12:21:35-08:00,0,37
global.js,117,js,c96e0f22,andiigonzalez,2025-01-29,12:21:35,-08:00,2025-01-29T12:21:35-08:00,0,4
global.js,118,js,2a391b41,andiigonzalez,2025-01-30,11:22:56,-08:00,2025-01-30T11:22:56-08:00,0,31
global.js,119,js,2a391b41,andiigonzalez,2025-01-30,11:22:56,-08:00,2025-01-30T11:22:56-08:00,0,33
global.js,120,js,c96e0f22,andiigonzalez,2025-01-29,12:21:35,-08:00,2025-01-29T12:21:35-08:00,0,0
global.js,121,js,2a391b41,andiigonzalez,2025-01-30,11:22:56,-08:00,2025-01-30T11:22:56-08:00,0,18
global.js,122,js,2a391b41,andiigonzalez,2025-01-30,11:22:56,-08:00,2025-01-30T11:22:56-08:00,0,67
global.js,123,js,2a391b41,andiigonzalez,2025-01-30,11:22:56,-08:00,2025-01-30T11:22:56-08:00,0,0
global.js,124,js,c96e0f22,andiigonzalez,2025-01-29,12:21:35,-08:00,2025-01-29T12:21:35-08:00,0,0
global.js,125,js,2a391b41,andiigonzalez,2025-01-30,11:22:56,-08:00,2025-01-30T11:22:56-08:00,0,34
global.js,126,js,2a391b41,andiigonzalez,2025-01-30,11:22:56,-08:00,2025-01-30T11:22:56-08:00,0,34
global.js,127,js,2a391b41,andiigonzalez,2025-01-30,11:22:56,-08:00,2025-01-30T11:22:56-08:00,0,11
global.js,128,js,c96e0f22,andiigonzalez,2025-01-29,12:21:35,-08:00,2025-01-29T12:21:35-08:00,0,0
global.js,129,js,c96e0f22,andiigonzalez,2025-01-29,12:21:35,-08:00,2025-01-29T12:21:35-08:00,0,0
global.js,130,js,c96e0f22,andiigonzalez,2025-01-29,12:21:35,-08:00,2025-01-29T12:21:35-08:00,0,16
global.js,131,js,2a391b41,andiigonzalez,2025-01-30,11:22:56,-08:00,2025-01-30T11:22:56-08:00,0,60
global.js,132,js,c96e0f22,andiigonzalez,2025-01-29,12:21:35,-08:00,2025-01-29T12:21:35-08:00,0,0
global.js,133,js,c96e0f22,andiigonzalez,2025-01-29,12:21:35,-08:00,2025-01-29T12:21:35-08:00,0,0
global.js,134,js,c96e0f22,andiigonzalez,2025-01-29,12:21:35,-08:00,2025-01-29T12:21:35-08:00,0,0
global.js,135,js,ad82ad15,andiigonzalez,2025-01-29,15:20:36,-08:00,2025-01-29T15:20:36-08:00,0,81
global.js,136,js,c96e0f22,andiigonzalez,2025-01-29,12:21:35,-08:00,2025-01-29T12:21:35-08:00,0,23
global.js,137,js,c96e0f22,andiigonzalez,2025-01-29,12:21:35,-08:00,2025-01-29T12:21:35-08:00,0,45
global.js,138,js,c96e0f22,andiigonzalez,2025-01-29,12:21:35,-08:00,2025-01-29T12:21:35-08:00,0,6
global.js,139,js,c96e0f22,andiigonzalez,2025-01-29,12:21:35,-08:00,2025-01-29T12:21:35-08:00,0,0
global.js,140,js,c96e0f22,andiigonzalez,2025-01-29,12:21:35,-08:00,2025-01-29T12:21:35-08:00,0,0
global.js,141,js,ad82ad15,andiigonzalez,2025-01-29,15:20:36,-08:00,2025-01-29T15:20:36-08:00,0,58
global.js,142,js,ad82ad15,andiigonzalez,2025-01-29,15:20:36,-08:00,2025-01-29T15:20:36-08:00,0,43
global.js,143,js,ad82ad15,andiigonzalez,2025-01-29,15:20:36,-08:00,2025-01-29T15:20:36-08:00,0,74
global.js,144,js,ad82ad15,andiigonzalez,2025-01-29,15:20:36,-08:00,2025-01-29T15:20:36-08:00,0,19
global.js,145,js,ad82ad15,andiigonzalez,2025-01-29,15:20:36,-08:00,2025-01-29T15:20:36-08:00,0,0
global.js,146,js,ad82ad15,andiigonzalez,2025-01-29,15:20:36,-08:00,2025-01-29T15:20:36-08:00,0,0
global.js,147,js,c96e0f22,andiigonzalez,2025-01-29,12:21:35,-08:00,2025-01-29T12:21:35-08:00,0,57
global.js,148,js,c96e0f22,andiigonzalez,2025-01-29,12:21:35,-08:00,2025-01-29T12:21:35-08:00,0,0
global.js,149,js,ad82ad15,andiigonzalez,2025-01-29,15:20:36,-08:00,2025-01-29T15:20:36-08:00,0,40
global.js,150,js,ad82ad15,andiigonzalez,2025-01-29,15:20:36,-08:00,2025-01-29T15:20:36-08:00,0,56
global.js,151,js,ad82ad15,andiigonzalez,2025-01-29,15:20:36,-08:00,2025-01-29T15:20:36-08:00,0,6
global.js,152,js,ad82ad15,andiigonzalez,2025-01-29,15:20:36,-08:00,2025-01-29T15:20:36-08:00,0,0
global.js,153,js,ad82ad15,andiigonzalez,2025-01-29,15:20:36,-08:00,2025-01-29T15:20:36-08:00,0,0
global.js,154,js,c96e0f22,andiigonzalez,2025-01-29,12:21:35,-08:00,2025-01-29T12:21:35-08:00,0,30
global.js,155,js,c96e0f22,andiigonzalez,2025-01-29,12:21:35,-08:00,2025-01-29T12:21:35-08:00,0,49
global.js,156,js,28102dfd,andiigonzalez,2025-01-30,11:23:37,-08:00,2025-01-30T11:23:37-08:00,0,92
global.js,157,js,e4d42a90,andiigonzalez,2025-01-31,18:00:41,-08:00,2025-01-31T18:00:41-08:00,0,101
global.js,158,js,ef0d6735,andiigonzalez,2025-02-06,20:01:07,-08:00,2025-02-06T20:01:07-08:00,0,89
global.js,159,js,ef0d6735,andiigonzalez,2025-02-06,20:01:07,-08:00,2025-02-06T20:01:07-08:00,0,61
global.js,160,js,28102dfd,andiigonzalez,2025-01-30,11:23:37,-08:00,2025-01-30T11:23:37-08:00,0,0
global.js,161,js,c96e0f22,andiigonzalez,2025-01-29,12:21:35,-08:00,2025-01-29T12:21:35-08:00,0,0
global.js,162,js,c96e0f22,andiigonzalez,2025-01-29,12:21:35,-08:00,2025-01-29T12:21:35-08:00,0,20
global.js,163,js,ef0d6735,andiigonzalez,2025-02-06,20:01:07,-08:00,2025-02-06T20:01:07-08:00,0,50
global.js,164,js,28102dfd,andiigonzalez,2025-01-30,11:23:37,-08:00,2025-01-30T11:23:37-08:00,0,50
global.js,165,js,28102dfd,andiigonzalez,2025-01-30,11:23:37,-08:00,2025-01-30T11:23:37-08:00,0,28
global.js,166,js,ef0d6735,andiigonzalez,2025-02-06,20:01:07,-08:00,2025-02-06T20:01:07-08:00,0,42
global.js,167,js,c96e0f22,andiigonzalez,2025-01-29,12:21:35,-08:00,2025-01-29T12:21:35-08:00,0,1
global.js,168,js,c96e0f22,andiigonzalez,2025-01-29,12:21:35,-08:00,2025-01-29T12:21:35-08:00,0,0
global.js,169,js,c96e0f22,andiigonzalez,2025-01-29,12:21:35,-08:00,2025-01-29T12:21:35-08:00,0,37
global.js,170,js,c96e0f22,andiigonzalez,2025-01-29,12:21:35,-08:00,2025-01-29T12:21:35-08:00,0,2
global.js,171,js,c96e0f22,andiigonzalez,2025-01-29,12:21:35,-08:00,2025-01-29T12:21:35-08:00,0,0
global.js,172,js,ad82ad15,andiigonzalez,2025-01-29,15:20:36,-08:00,2025-01-29T15:20:36-08:00,0,0
global.js,173,js,ad82ad15,andiigonzalez,2025-01-29,15:20:36,-08:00,2025-01-29T15:20:36-08:00,0,17
global.js,174,js,ad82ad15,andiigonzalez,2025-01-29,15:20:36,-08:00,2025-01-29T15:20:36-08:00,0,48
global.js,175,js,e4d42a90,andiigonzalez,2025-01-31,18:00:41,-08:00,2025-01-31T18:00:41-08:00,0,4
global.js,176,js,e4d42a90,andiigonzalez,2025-01-31,18:00:41,-08:00,2025-01-31T18:00:41-08:00,0,76
global.js,177,js,e4d42a90,andiigonzalez,2025-01-31,18:00:41,-08:00,2025-01-31T18:00:41-08:00,0,15
global.js,178,js,e4d42a90,andiigonzalez,2025-01-31,18:00:41,-08:00,2025-01-31T18:00:41-08:00,0,16
global.js,179,js,e4d42a90,andiigonzalez,2025-01-31,18:00:41,-08:00,2025-01-31T18:00:41-08:00,0,51
global.js,180,js,e4d42a90,andiigonzalez,2025-01-31,18:00:41,-08:00,2025-01-31T18:00:41-08:00,0,9
global.js,181,js,e4d42a90,andiigonzalez,2025-01-31,18:00:41,-08:00,2025-01-31T18:00:41-08:00,0,0
global.js,182,js,ad82ad15,andiigonzalez,2025-01-29,15:20:36,-08:00,2025-01-29T15:20:36-08:00,0,0
projects/projects.js,1,js,c96e0f22,andiigonzalez,2025-01-29,12:21:35,-08:00,2025-01-29T12:21:35-08:00,0,56
projects/projects.js,2,js,c96e0f22,andiigonzalez,2025-01-29,12:21:35,-08:00,2025-01-29T12:21:35-08:00,0,0
projects/projects.js,3,js,ef0d6735,andiigonzalez,2025-02-06,20:01:07,-08:00,2025-02-06T20:01:07-08:00,0,64
projects/projects.js,4,js,ef0d6735,andiigonzalez,2025-02-06,20:01:07,-08:00,2025-02-06T20:01:07-08:00,0,0
projects/projects.js,5,js,3a059bc0,andiigonzalez,2025-02-07,14:25:35,-08:00,2025-02-07T14:25:35-08:00,0,1
projects/projects.js,6,js,3a059bc0,andiigonzalez,2025-02-07,14:25:35,-08:00,2025-02-07T14:25:35-08:00,0,114
projects/projects.js,7,js,3a059bc0,andiigonzalez,2025-02-07,14:25:35,-08:00,2025-02-07T14:25:35-08:00,0,114
projects/projects.js,8,js,3a059bc0,andiigonzalez,2025-02-07,14:25:35,-08:00,2025-02-07T14:25:35-08:00,0,1
projects/projects.js,9,js,3a059bc0,andiigonzalez,2025-02-07,14:25:35,-08:00,2025-02-07T14:25:35-08:00,0,0
projects/projects.js,10,js,3166c08c,andiigonzalez,2025-02-07,14:25:29,-08:00,2025-02-07T14:25:29-08:00,0,95
projects/projects.js,11,js,7f8c37d1,andiigonzalez,2025-02-06,21:48:47,-08:00,2025-02-06T21:48:47-08:00,0,61
projects/projects.js,12,js,7f8c37d1,andiigonzalez,2025-02-06,21:48:47,-08:00,2025-02-06T21:48:47-08:00,0,63
projects/projects.js,13,js,7f8c37d1,andiigonzalez,2025-02-06,21:48:47,-08:00,2025-02-06T21:48:47-08:00,0,49
projects/projects.js,14,js,ad82ad15,andiigonzalez,2025-01-29,15:20:36,-08:00,2025-01-29T15:20:36-08:00,0,0
projects/projects.js,15,js,ad82ad15,andiigonzalez,2025-01-29,15:20:36,-08:00,2025-01-29T15:20:36-08:00,0,0
projects/projects.js,16,js,7f8c37d1,andiigonzalez,2025-02-06,21:48:47,-08:00,2025-02-06T21:48:47-08:00,0,19
projects/projects.js,17,js,7f8c37d1,andiigonzalez,2025-02-06,21:48:47,-08:00,2025-02-06T21:48:47-08:00,0,57
projects/projects.js,18,js,7f8c37d1,andiigonzalez,2025-02-06,21:48:47,-08:00,2025-02-06T21:48:47-08:00,0,7
projects/projects.js,19,js,ad82ad15,andiigonzalez,2025-01-29,15:20:36,-08:00,2025-01-29T15:20:36-08:00,0,49
projects/projects.js,20,js,7f8c37d1,andiigonzalez,2025-02-06,21:48:47,-08:00,2025-02-06T21:48:47-08:00,0,57
projects/projects.js,21,js,7f8c37d1,andiigonzalez,2025-02-06,21:48:47,-08:00,2025-02-06T21:48:47-08:00,0,19
projects/projects.js,22,js,7f8c37d1,andiigonzalez,2025-02-06,21:48:47,-08:00,2025-02-06T21:48:47-08:00,0,41
projects/projects.js,23,js,ad82ad15,andiigonzalez,2025-01-29,15:20:36,-08:00,2025-01-29T15:20:36-08:00,0,0
projects/projects.js,24,js,7f8c37d1,andiigonzalez,2025-02-06,21:48:47,-08:00,2025-02-06T21:48:47-08:00,0,1
projects/projects.js,25,js,c96e0f22,andiigonzalez,2025-01-29,12:21:35,-08:00,2025-01-29T12:21:35-08:00,0,0
projects/projects.js,26,js,3a059bc0,andiigonzalez,2025-02-07,14:25:35,-08:00,2025-02-07T14:25:35-08:00,0,1
projects/projects.js,27,js,3a059bc0,andiigonzalez,2025-02-07,14:25:35,-08:00,2025-02-07T14:25:35-08:00,0,114
projects/projects.js,28,js,3a059bc0,andiigonzalez,2025-02-07,14:25:35,-08:00,2025-02-07T14:25:35-08:00,0,114
projects/projects.js,29,js,3a059bc0,andiigonzalez,2025-02-07,14:25:35,-08:00,2025-02-07T14:25:35-08:00,0,1
projects/projects.js,30,js,ef0d6735,andiigonzalez,2025-02-06,20:01:07,-08:00,2025-02-06T20:01:07-08:00,0,0
projects/projects.js,31,js,3a059bc0,andiigonzalez,2025-02-07,14:25:35,-08:00,2025-02-07T14:25:35-08:00,0,54
projects/projects.js,32,js,3a059bc0,andiigonzalez,2025-02-07,14:25:35,-08:00,2025-02-07T14:25:35-08:00,0,27
projects/projects.js,33,js,ef0d6735,andiigonzalez,2025-02-06,20:01:07,-08:00,2025-02-06T20:01:07-08:00,0,8
projects/projects.js,34,js,ef0d6735,andiigonzalez,2025-02-06,20:01:07,-08:00,2025-02-06T20:01:07-08:00,0,15
projects/projects.js,35,js,ef0d6735,andiigonzalez,2025-02-06,20:01:07,-08:00,2025-02-06T20:01:07-08:00,0,13
projects/projects.js,36,js,ef0d6735,andiigonzalez,2025-02-06,20:01:07,-08:00,2025-02-06T20:01:07-08:00,0,1
projects/projects.js,37,js,3a059bc0,andiigonzalez,2025-02-07,14:25:35,-08:00,2025-02-07T14:25:35-08:00,0,34
projects/projects.js,38,js,ef0d6735,andiigonzalez,2025-02-06,20:01:07,-08:00,2025-02-06T20:01:07-08:00,0,45
projects/projects.js,39,js,ef0d6735,andiigonzalez,2025-02-06,20:01:07,-08:00,2025-02-06T20:01:07-08:00,0,35
projects/projects.js,40,js,ef0d6735,andiigonzalez,2025-02-06,20:01:07,-08:00,2025-02-06T20:01:07-08:00,0,2
projects/projects.js,41,js,ef0d6735,andiigonzalez,2025-02-06,20:01:07,-08:00,2025-02-06T20:01:07-08:00,0,0
projects/projects.js,42,js,3a059bc0,andiigonzalez,2025-02-07,14:25:35,-08:00,2025-02-07T14:25:35-08:00,0,30
projects/projects.js,43,js,3a059bc0,andiigonzalez,2025-02-07,14:25:35,-08:00,2025-02-07T14:25:35-08:00,0,26
projects/projects.js,44,js,ef0d6735,andiigonzalez,2025-02-06,20:01:07,-08:00,2025-02-06T20:01:07-08:00,0,0
projects/projects.js,45,js,3a059bc0,andiigonzalez,2025-02-07,14:25:35,-08:00,2025-02-07T14:25:35-08:00,0,69
projects/projects.js,46,js,3a059bc0,andiigonzalez,2025-02-07,14:25:35,-08:00,2025-02-07T14:25:35-08:00,0,58
projects/projects.js,47,js,3a059bc0,andiigonzalez,2025-02-07,14:25:35,-08:00,2025-02-07T14:25:35-08:00,0,66
projects/projects.js,48,js,3a059bc0,andiigonzalez,2025-02-07,14:25:35,-08:00,2025-02-07T14:25:35-08:00,0,49
projects/projects.js,49,js,ef0d6735,andiigonzalez,2025-02-06,20:01:07,-08:00,2025-02-06T20:01:07-08:00,0,34
projects/projects.js,50,js,3a059bc0,andiigonzalez,2025-02-07,14:25:35,-08:00,2025-02-07T14:25:35-08:00,0,0
projects/projects.js,51,js,3a059bc0,andiigonzalez,2025-02-07,14:25:35,-08:00,2025-02-07T14:25:35-08:00,0,26
projects/projects.js,52,js,ef0d6735,andiigonzalez,2025-02-06,20:01:07,-08:00,2025-02-06T20:01:07-08:00,0,43
projects/projects.js,53,js,ef0d6735,andiigonzalez,2025-02-06,20:01:07,-08:00,2025-02-06T20:01:07-08:00,0,0
projects/projects.js,54,js,3a059bc0,andiigonzalez,2025-02-07,14:25:35,-08:00,2025-02-07T14:25:35-08:00,0,57
projects/projects.js,55,js,ef0d6735,andiigonzalez,2025-02-06,20:01:07,-08:00,2025-02-06T20:01:07-08:00,0,44
projects/projects.js,56,js,ef0d6735,andiigonzalez,2025-02-06,20:01:07,-08:00,2025-02-06T20:01:07-08:00,0,0
projects/projects.js,57,js,3a059bc0,andiigonzalez,2025-02-07,14:25:35,-08:00,2025-02-07T14:25:35-08:00,0,48
projects/projects.js,58,js,3a059bc0,andiigonzalez,2025-02-07,14:25:35,-08:00,2025-02-07T14:25:35-08:00,0,27
projects/projects.js,59,js,ef0d6735,andiigonzalez,2025-02-06,20:01:07,-08:00,2025-02-06T20:01:07-08:00,0,15
projects/projects.js,60,js,3a059bc0,andiigonzalez,2025-02-07,14:25:35,-08:00,2025-02-07T14:25:35-08:00,0,47
projects/projects.js,61,js,3a059bc0,andiigonzalez,2025-02-07,14:25:35,-08:00,2025-02-07T14:25:35-08:00,0,30
projects/projects.js,62,js,3a059bc0,andiigonzalez,2025-02-07,14:25:35,-08:00,2025-02-07T14:25:35-08:00,0,54
projects/projects.js,63,js,3a059bc0,andiigonzalez,2025-02-07,14:25:35,-08:00,2025-02-07T14:25:35-08:00,0,62
projects/projects.js,64,js,3a059bc0,andiigonzalez,2025-02-07,14:25:35,-08:00,2025-02-07T14:25:35-08:00,0,63
projects/projects.js,65,js,3a059bc0,andiigonzalez,2025-02-07,14:25:35,-08:00,2025-02-07T14:25:35-08:00,0,25
projects/projects.js,66,js,3a059bc0,andiigonzalez,2025-02-07,14:25:35,-08:00,2025-02-07T14:25:35-08:00,0,85
projects/projects.js,67,js,ef0d6735,andiigonzalez,2025-02-06,20:01:07,-08:00,2025-02-06T20:01:07-08:00,0,2
projects/projects.js,68,js,ef0d6735,andiigonzalez,2025-02-06,20:01:07,-08:00,2025-02-06T20:01:07-08:00,0,0
projects/projects.js,69,js,ef0d6735,andiigonzalez,2025-02-06,20:01:07,-08:00,2025-02-06T20:01:07-08:00,0,0
projects/projects.js,70,js,3a059bc0,andiigonzalez,2025-02-07,14:25:35,-08:00,2025-02-07T14:25:35-08:00,0,68
projects/projects.js,71,js,3a059bc0,andiigonzalez,2025-02-07,14:25:35,-08:00,2025-02-07T14:25:35-08:00,0,0
projects/projects.js,72,js,3a059bc0,andiigonzalez,2025-02-07,14:25:35,-08:00,2025-02-07T14:25:35-08:00,0,51
projects/projects.js,73,js,3a059bc0,andiigonzalez,2025-02-07,14:25:35,-08:00,2025-02-07T14:25:35-08:00,0,40
projects/projects.js,74,js,3a059bc0,andiigonzalez,2025-02-07,14:25:35,-08:00,2025-02-07T14:25:35-08:00,0,66
projects/projects.js,75,js,3a059bc0,andiigonzalez,2025-02-07,14:25:35,-08:00,2025-02-07T14:25:35-08:00,0,59
projects/projects.js,76,js,3a059bc0,andiigonzalez,2025-02-07,14:25:35,-08:00,2025-02-07T14:25:35-08:00,0,108
projects/projects.js,77,js,ef0d6735,andiigonzalez,2025-02-06,20:01:07,-08:00,2025-02-06T20:01:07-08:00,0,2
projects/projects.js,78,js,ef0d6735,andiigonzalez,2025-02-06,20:01:07,-08:00,2025-02-06T20:01:07-08:00,0,0
projects/projects.js,79,js,3a059bc0,andiigonzalez,2025-02-07,14:25:35,-08:00,2025-02-07T14:25:35-08:00,0,1
projects/projects.js,80,js,3a059bc0,andiigonzalez,2025-02-07,14:25:35,-08:00,2025-02-07T14:25:35-08:00,0,115
projects/projects.js,81,js,3a059bc0,andiigonzalez,2025-02-07,14:25:35,-08:00,2025-02-07T14:25:35-08:00,0,115
projects/projects.js,82,js,3a059bc0,andiigonzalez,2025-02-07,14:25:35,-08:00,2025-02-07T14:25:35-08:00,0,1
projects/projects.js,83,js,3a059bc0,andiigonzalez,2025-02-07,14:25:35,-08:00,2025-02-07T14:25:35-08:00,0,0
projects/projects.js,84,js,3a059bc0,andiigonzalez,2025-02-07,14:25:35,-08:00,2025-02-07T14:25:35-08:00,0,49
projects/projects.js,85,js,ef0d6735,andiigonzalez,2025-02-06,20:01:07,-08:00,2025-02-06T20:01:07-08:00,0,0
projects/projects.js,86,js,3a059bc0,andiigonzalez,2025-02-07,14:25:35,-08:00,2025-02-07T14:25:35-08:00,0,57
projects/projects.js,87,js,3a059bc0,andiigonzalez,2025-02-07,14:25:35,-08:00,2025-02-07T14:25:35-08:00,0,78
projects/projects.js,88,js,3a059bc0,andiigonzalez,2025-02-07,14:25:35,-08:00,2025-02-07T14:25:35-08:00,0,76
projects/projects.js,89,js,3a059bc0,andiigonzalez,2025-02-07,14:25:35,-08:00,2025-02-07T14:25:35-08:00,0,0
projects/projects.js,90,js,3a059bc0,andiigonzalez,2025-02-07,14:25:35,-08:00,2025-02-07T14:25:35-08:00,0,84
projects/projects.js,91,js,3a059bc0,andiigonzalez,2025-02-07,14:25:35,-08:00,2025-02-07T14:25:35-08:00,0,135
projects/projects.js,92,js,3a059bc0,andiigonzalez,2025-02-07,14:25:35,-08:00,2025-02-07T14:25:35-08:00,0,85
projects/projects.js,93,js,ef0d6735,andiigonzalez,2025-02-06,20:01:07,-08:00,2025-02-06T20:01:07-08:00,0,2
projects/projects.js,94,js,7f8c37d1,andiigonzalez,2025-02-06,21:48:47,-08:00,2025-02-06T21:48:47-08:00,0,0
projects/projects.js,95,js,3a059bc0,andiigonzalez,2025-02-07,14:25:35,-08:00,2025-02-07T14:25:35-08:00,0,55
projects/projects.js,96,js,7f8c37d1,andiigonzalez,2025-02-06,21:48:47,-08:00,2025-02-06T21:48:47-08:00,0,0
projects/projects.js,97,js,7f8c37d1,andiigonzalez,2025-02-06,21:48:47,-08:00,2025-02-06T21:48:47-08:00,0,0
projects/projects.js,98,js,3a059bc0,andiigonzalez,2025-02-07,14:25:35,-08:00,2025-02-07T14:25:35-08:00,0,81
projects/projects.js,99,js,ef0d6735,andiigonzalez,2025-02-06,20:01:07,-08:00,2025-02-06T20:01:07-08:00,0,0
projects/projects.js,100,js,7f8c37d1,andiigonzalez,2025-02-06,21:48:47,-08:00,2025-02-06T21:48:47-08:00,0,0
projects/projects.js,101,js,3a059bc0,andiigonzalez,2025-02-07,14:25:35,-08:00,2025-02-07T14:25:35-08:00,0,85
projects/projects.js,102,js,3a059bc0,andiigonzalez,2025-02-07,14:25:35,-08:00,2025-02-07T14:25:35-08:00,0,95
projects/projects.js,103,js,3a059bc0,andiigonzalez,2025-02-07,14:25:35,-08:00,2025-02-07T14:25:35-08:00,0,45
projects/projects.js,104,js,ef0d6735,andiigonzalez,2025-02-06,20:01:07,-08:00,2025-02-06T20:01:07-08:00,0,57
projects/projects.js,105,js,7f8c37d1,andiigonzalez,2025-02-06,21:48:47,-08:00,2025-02-06T21:48:47-08:00,0,32
projects/projects.js,106,js,7f8c37d1,andiigonzalez,2025-02-06,21:48:47,-08:00,2025-02-06T21:48:47-08:00,0,2
projects/projects.js,107,js,7f8c37d1,andiigonzalez,2025-02-06,21:48:47,-08:00,2025-02-06T21:48:47-08:00,0,0
projects/projects.js,108,js,3a059bc0,andiigonzalez,2025-02-07,14:25:35,-08:00,2025-02-07T14:25:35-08:00,0,74
projects/projects.js,109,js,ef0d6735,andiigonzalez,2025-02-06,20:01:07,-08:00,2025-02-06T20:01:07-08:00,0,0
projects/projects.js,110,js,3a059bc0,andiigonzalez,2025-02-07,14:25:35,-08:00,2025-02-07T14:25:35-08:00,0,71
projects/projects.js,111,js,3a059bc0,andiigonzalez,2025-02-07,14:25:35,-08:00,2025-02-07T14:25:35-08:00,0,73
projects/projects.js,112,js,7f8c37d1,andiigonzalez,2025-02-06,21:48:47,-08:00,2025-02-06T21:48:47-08:00,0,0
projects/projects.js,113,js,3a059bc0,andiigonzalez,2025-02-07,14:25:35,-08:00,2025-02-07T14:25:35-08:00,0,47
projects/projects.js,114,js,3a059bc0,andiigonzalez,2025-02-07,14:25:35,-08:00,2025-02-07T14:25:35-08:00,0,57
projects/projects.js,115,js,3a059bc0,andiigonzalez,2025-02-07,14:25:35,-08:00,2025-02-07T14:25:35-08:00,0,54
projects/projects.js,116,js,3a059bc0,andiigonzalez,2025-02-07,14:25:35,-08:00,2025-02-07T14:25:35-08:00,0,62
projects/projects.js,117,js,7f8c37d1,andiigonzalez,2025-02-06,21:48:47,-08:00,2025-02-06T21:48:47-08:00,0,0
projects/projects.js,118,js,3a059bc0,andiigonzalez,2025-02-07,14:25:35,-08:00,2025-02-07T14:25:35-08:00,0,33
projects/projects.js,119,js,ef0d6735,andiigonzalez,2025-02-06,20:01:07,-08:00,2025-02-06T20:01:07-08:00,0,30
projects/projects.js,120,js,7f8c37d1,andiigonzalez,2025-02-06,21:48:47,-08:00,2025-02-06T21:48:47-08:00,0,13
projects/projects.js,121,js,ef0d6735,andiigonzalez,2025-02-06,20:01:07,-08:00,2025-02-06T20:01:07-08:00,0,15
projects/projects.js,122,js,ef0d6735,andiigonzalez,2025-02-06,20:01:07,-08:00,2025-02-06T20:01:07-08:00,0,13
projects/projects.js,123,js,ef0d6735,andiigonzalez,2025-02-06,20:01:07,-08:00,2025-02-06T20:01:07-08:00,0,1
projects/projects.js,124,js,3a059bc0,andiigonzalez,2025-02-07,14:25:35,-08:00,2025-02-07T14:25:35-08:00,0,34
projects/projects.js,125,js,7f8c37d1,andiigonzalez,2025-02-06,21:48:47,-08:00,2025-02-06T21:48:47-08:00,0,52
projects/projects.js,126,js,7f8c37d1,andiigonzalez,2025-02-06,21:48:47,-08:00,2025-02-06T21:48:47-08:00,0,12
projects/projects.js,127,js,7f8c37d1,andiigonzalez,2025-02-06,21:48:47,-08:00,2025-02-06T21:48:47-08:00,0,10
projects/projects.js,128,js,7f8c37d1,andiigonzalez,2025-02-06,21:48:47,-08:00,2025-02-06T21:48:47-08:00,0,3
projects/projects.js,129,js,3a059bc0,andiigonzalez,2025-02-07,14:25:35,-08:00,2025-02-07T14:25:35-08:00,0,76
projects/projects.js,130,js,7f8c37d1,andiigonzalez,2025-02-06,21:48:47,-08:00,2025-02-06T21:48:47-08:00,0,52
projects/projects.js,131,js,7f8c37d1,andiigonzalez,2025-02-06,21:48:47,-08:00,2025-02-06T21:48:47-08:00,0,43
projects/projects.js,132,js,7f8c37d1,andiigonzalez,2025-02-06,21:48:47,-08:00,2025-02-06T21:48:47-08:00,0,58
projects/projects.js,133,js,7f8c37d1,andiigonzalez,2025-02-06,21:48:47,-08:00,2025-02-06T21:48:47-08:00,0,50
projects/projects.js,134,js,7f8c37d1,andiigonzalez,2025-02-06,21:48:47,-08:00,2025-02-06T21:48:47-08:00,0,43
projects/projects.js,135,js,ef0d6735,andiigonzalez,2025-02-06,20:01:07,-08:00,2025-02-06T20:01:07-08:00,0,0
projects/projects.js,136,js,3a059bc0,andiigonzalez,2025-02-07,14:25:35,-08:00,2025-02-07T14:25:35-08:00,0,52
projects/projects.js,137,js,ef0d6735,andiigonzalez,2025-02-06,20:01:07,-08:00,2025-02-06T20:01:07-08:00,0,30
projects/projects.js,138,js,7f8c37d1,andiigonzalez,2025-02-06,21:48:47,-08:00,2025-02-06T21:48:47-08:00,0,20
projects/projects.js,139,js,7f8c37d1,andiigonzalez,2025-02-06,21:48:47,-08:00,2025-02-06T21:48:47-08:00,0,14
projects/projects.js,140,js,7f8c37d1,andiigonzalez,2025-02-06,21:48:47,-08:00,2025-02-06T21:48:47-08:00,0,25
projects/projects.js,141,js,7f8c37d1,andiigonzalez,2025-02-06,21:48:47,-08:00,2025-02-06T21:48:47-08:00,0,22
projects/projects.js,142,js,3a059bc0,andiigonzalez,2025-02-07,14:25:35,-08:00,2025-02-07T14:25:35-08:00,0,69
projects/projects.js,143,js,3a059bc0,andiigonzalez,2025-02-07,14:25:35,-08:00,2025-02-07T14:25:35-08:00,0,58
projects/projects.js,144,js,3a059bc0,andiigonzalez,2025-02-07,14:25:35,-08:00,2025-02-07T14:25:35-08:00,0,84
projects/projects.js,145,js,7f8c37d1,andiigonzalez,2025-02-06,21:48:47,-08:00,2025-02-06T21:48:47-08:00,0,2
projects/projects.js,146,js,3a059bc0,andiigonzalez,2025-02-07,14:25:35,-08:00,2025-02-07T14:25:35-08:00,0,15
projects/projects.js,147,js,ef0d6735,andiigonzalez,2025-02-06,20:01:07,-08:00,2025-02-06T20:01:07-08:00,0,28
projects/projects.js,148,js,ef0d6735,andiigonzalez,2025-02-06,20:01:07,-08:00,2025-02-06T20:01:07-08:00,0,18
projects/projects.js,149,js,7f8c37d1,andiigonzalez,2025-02-06,21:48:47,-08:00,2025-02-06T21:48:47-08:00,0,39
projects/projects.js,150,js,7f8c37d1,andiigonzalez,2025-02-06,21:48:47,-08:00,2025-02-06T21:48:47-08:00,0,28
projects/projects.js,151,js,7f8c37d1,andiigonzalez,2025-02-06,21:48:47,-08:00,2025-02-06T21:48:47-08:00,0,69
projects/projects.js,152,js,3a059bc0,andiigonzalez,2025-02-07,14:25:35,-08:00,2025-02-07T14:25:35-08:00,0,79
projects/projects.js,153,js,7f8c37d1,andiigonzalez,2025-02-06,21:48:47,-08:00,2025-02-06T21:48:47-08:00,0,2
projects/projects.js,154,js,7f8c37d1,andiigonzalez,2025-02-06,21:48:47,-08:00,2025-02-06T21:48:47-08:00,0,0
projects/projects.js,155,js,3a059bc0,andiigonzalez,2025-02-07,14:25:35,-08:00,2025-02-07T14:25:35-08:00,0,77
projects/projects.js,156,js,7f8c37d1,andiigonzalez,2025-02-06,21:48:47,-08:00,2025-02-06T21:48:47-08:00,0,0
projects/projects.js,157,js,3a059bc0,andiigonzalez,2025-02-07,14:25:35,-08:00,2025-02-07T14:25:35-08:00,0,40
projects/projects.js,158,js,7f8c37d1,andiigonzalez,2025-02-06,21:48:47,-08:00,2025-02-06T21:48:47-08:00,0,0
projects/projects.js,159,js,7f8c37d1,andiigonzalez,2025-02-06,21:48:47,-08:00,2025-02-06T21:48:47-08:00,0,36
projects/projects.js,160,js,7f8c37d1,andiigonzalez,2025-02-06,21:48:47,-08:00,2025-02-06T21:48:47-08:00,0,36
projects/projects.js,161,js,7f8c37d1,andiigonzalez,2025-02-06,21:48:47,-08:00,2025-02-06T21:48:47-08:00,0,18
projects/projects.js,162,js,7f8c37d1,andiigonzalez,2025-02-06,21:48:47,-08:00,2025-02-06T21:48:47-08:00,0,70
projects/projects.js,163,js,00000000,Not Committed Yet,2025-02-14,12:04:04,-08:00,2025-02-14T12:04:04-08:00,0,98
projects/projects.js,164,js,7f8c37d1,andiigonzalez,2025-02-06,21:48:47,-08:00,2025-02-06T21:48:47-08:00,0,7
projects/projects.js,165,js,7f8c37d1,andiigonzalez,2025-02-06,21:48:47,-08:00,2025-02-06T21:48:47-08:00,0,28
projects/projects.js,166,js,7f8c37d1,andiigonzalez,2025-02-06,21:48:47,-08:00,2025-02-06T21:48:47-08:00,0,84
projects/projects.js,167,js,7f8c37d1,andiigonzalez,2025-02-06,21:48:47,-08:00,2025-02-06T21:48:47-08:00,0,57
projects/projects.js,168,js,00000000,Not Committed Yet,2025-02-14,12:04:04,-08:00,2025-02-14T12:04:04-08:00,0,105
projects/projects.js,169,js,7f8c37d1,andiigonzalez,2025-02-06,21:48:47,-08:00,2025-02-06T21:48:47-08:00,0,0
projects/projects.js,170,js,3a059bc0,andiigonzalez,2025-02-07,14:25:35,-08:00,2025-02-07T14:25:35-08:00,0,52
projects/projects.js,171,js,3a059bc0,andiigonzalez,2025-02-07,14:25:35,-08:00,2025-02-07T14:25:35-08:00,0,112
projects/projects.js,172,js,3a059bc0,andiigonzalez,2025-02-07,14:25:35,-08:00,2025-02-07T14:25:35-08:00,0,72
projects/projects.js,173,js,00000000,Not Committed Yet,2025-02-14,12:04:04,-08:00,2025-02-14T12:04:04-08:00,0,34
projects/projects.js,174,js,3a059bc0,andiigonzalez,2025-02-07,14:25:35,-08:00,2025-02-07T14:25:35-08:00,0,2
projects/projects.js,175,js,3a059bc0,andiigonzalez,2025-02-07,14:25:35,-08:00,2025-02-07T14:25:35-08:00,0,0
projects/projects.js,176,js,3a059bc0,andiigonzalez,2025-02-07,14:25:35,-08:00,2025-02-07T14:25:35-08:00,0,0
projects/projects.js,177,js,3a059bc0,andiigonzalez,2025-02-07,14:25:35,-08:00,2025-02-07T14:25:35-08:00,0,57
projects/projects.js,178,js,00000000,Not Committed Yet,2025-02-14,12:04:04,-08:00,2025-02-14T12:04:04-08:00,0,105
projects/projects.js,179,js,e0a23f19,andiigonzalez,2025-02-07,14:58:38,-08:00,2025-02-07T14:58:38-08:00,0,0
projects/projects.js,180,js,3a059bc0,andiigonzalez,2025-02-07,14:25:35,-08:00,2025-02-07T14:25:35-08:00,0,0
projects/projects.js,181,js,e0a23f19,andiigonzalez,2025-02-07,14:58:38,-08:00,2025-02-07T14:58:38-08:00,0,73
projects/projects.js,182,js,e0a23f19,andiigonzalez,2025-02-07,14:58:38,-08:00,2025-02-07T14:58:38-08:00,0,81
projects/projects.js,183,js,7f8c37d1,andiigonzalez,2025-02-06,21:48:47,-08:00,2025-02-06T21:48:47-08:00,0,0
projects/projects.js,184,js,ad82ad15,andiigonzalez,2025-01-29,15:20:36,-08:00,2025-01-29T15:20:36-08:00,0,0
projects/index.html,1,html,13e7d2c1,andiigonzalez,2025-01-15,20:05:33,-08:00,2025-01-15T20:05:33-08:00,0,14
projects/index.html,2,html,13e7d2c1,andiigonzalez,2025-01-15,20:05:33,-08:00,2025-01-15T20:05:33-08:00,0,15
projects/index.html,3,html,13e7d2c1,andiigonzalez,2025-01-15,20:05:33,-08:00,2025-01-15T20:05:33-08:00,0,5
projects/index.html,4,html,13e7d2c1,andiigonzalez,2025-01-15,20:05:33,-08:00,2025-01-15T20:05:33-08:00,0,21
projects/index.html,5,html,13e7d2c1,andiigonzalez,2025-01-15,20:05:33,-08:00,2025-01-15T20:05:33-08:00,0,69
projects/index.html,6,html,e62888a1,andiigonzalez,2025-01-16,17:28:11,-08:00,2025-01-16T17:28:11-08:00,0,22
projects/index.html,7,html,404f036a,andiigonzalez,2025-01-16,20:21:12,-08:00,2025-01-16T20:21:12-08:00,0,42
projects/index.html,8,html,13e7d2c1,andiigonzalez,2025-01-15,20:05:33,-08:00,2025-01-15T20:05:33-08:00,0,6
projects/index.html,9,html,13e7d2c1,andiigonzalez,2025-01-15,20:05:33,-08:00,2025-01-15T20:05:33-08:00,0,5
projects/index.html,10,html,ad82ad15,andiigonzalez,2025-01-29,15:20:36,-08:00,2025-01-29T15:20:36-08:00,0,39
projects/index.html,11,html,ef0d6735,andiigonzalez,2025-02-06,20:01:07,-08:00,2025-02-06T20:01:07-08:00,0,22
projects/index.html,12,html,65c6a8e7,andiigonzalez,2025-02-06,20:21:51,-08:00,2025-02-06T20:21:51-08:00,0,45
projects/index.html,13,html,ef0d6735,andiigonzalez,2025-02-06,20:01:07,-08:00,2025-02-06T20:01:07-08:00,0,11
projects/index.html,14,html,ef0d6735,andiigonzalez,2025-02-06,20:01:07,-08:00,2025-02-06T20:01:07-08:00,0,5
projects/index.html,15,html,ef0d6735,andiigonzalez,2025-02-06,20:01:07,-08:00,2025-02-06T20:01:07-08:00,0,18
projects/index.html,16,html,ef0d6735,andiigonzalez,2025-02-06,20:01:07,-08:00,2025-02-06T20:01:07-08:00,0,11
projects/index.html,17,html,ef0d6735,andiigonzalez,2025-02-06,20:01:07,-08:00,2025-02-06T20:01:07-08:00,0,4
projects/index.html,18,html,ef0d6735,andiigonzalez,2025-02-06,20:01:07,-08:00,2025-02-06T20:01:07-08:00,0,5
projects/index.html,19,html,ef0d6735,andiigonzalez,2025-02-06,20:01:07,-08:00,2025-02-06T20:01:07-08:00,0,0
projects/index.html,20,html,ef0d6735,andiigonzalez,2025-02-06,20:01:07,-08:00,2025-02-06T20:01:07-08:00,0,37
projects/index.html,21,html,65c6a8e7,andiigonzalez,2025-02-06,20:21:51,-08:00,2025-02-06T20:21:51-08:00,0,30
projects/index.html,22,html,ef0d6735,andiigonzalez,2025-02-06,20:01:07,-08:00,2025-02-06T20:01:07-08:00,0,0
projects/index.html,23,html,ef0d6735,andiigonzalez,2025-02-06,20:01:07,-08:00,2025-02-06T20:01:07-08:00,0,0
projects/index.html,24,html,bc27d8d3,andiigonzalez,2025-01-17,15:21:33,-08:00,2025-01-17T15:21:33-08:00,0,21
projects/index.html,25,html,bc27d8d3,andiigonzalez,2025-01-17,15:21:33,-08:00,2025-01-17T15:21:33-08:00,0,5
projects/index.html,26,html,ef0d6735,andiigonzalez,2025-02-06,20:01:07,-08:00,2025-02-06T20:01:07-08:00,0,0
projects/index.html,27,html,ba0b26f8,andiigonzalez,2025-01-29,16:31:55,-08:00,2025-01-29T16:31:55-08:00,0,50
projects/index.html,28,html,ba0b26f8,andiigonzalez,2025-01-29,16:31:55,-08:00,2025-01-29T16:31:55-08:00,0,48
projects/index.html,29,html,13e7d2c1,andiigonzalez,2025-01-15,20:05:33,-08:00,2025-01-15T20:05:33-08:00,0,6
projects/index.html,30,html,6ea5b93e,Andrea,2025-01-22,12:30:03,-08:00,2025-01-22T12:30:03-08:00,0,6
contact/index.html,1,html,fff75d09,andiigonzalez,2025-01-15,20:07:54,-08:00,2025-01-15T20:07:54-08:00,0,14
contact/index.html,2,html,fff75d09,andiigonzalez,2025-01-15,20:07:54,-08:00,2025-01-15T20:07:54-08:00,0,15
contact/index.html,3,html,fff75d09,andiigonzalez,2025-01-15,20:07:54,-08:00,2025-01-15T20:07:54-08:00,0,5
contact/index.html,4,html,fff75d09,andiigonzalez,2025-01-15,20:07:54,-08:00,2025-01-15T20:07:54-08:00,0,21
contact/index.html,5,html,fff75d09,andiigonzalez,2025-01-15,20:07:54,-08:00,2025-01-15T20:07:54-08:00,0,69
contact/index.html,6,html,f8cd2720,andiigonzalez,2025-01-15,22:00:58,-08:00,2025-01-15T22:00:58-08:00,0,26
contact/index.html,7,html,1421f71d,andiigonzalez,2025-01-16,19:57:27,-08:00,2025-01-16T19:57:27-08:00,0,42
contact/index.html,8,html,fff75d09,andiigonzalez,2025-01-15,20:07:54,-08:00,2025-01-15T20:07:54-08:00,0,6
contact/index.html,9,html,fff75d09,andiigonzalez,2025-01-15,20:07:54,-08:00,2025-01-15T20:07:54-08:00,0,5
contact/index.html,10,html,404f036a,andiigonzalez,2025-01-16,20:21:12,-08:00,2025-01-16T20:21:12-08:00,0,18
contact/index.html,11,html,de06b69a,andiigonzalez,2025-01-16,17:54:47,-08:00,2025-01-16T17:54:47-08:00,0,0
contact/index.html,12,html,43ba2fc2,andiigonzalez,2025-01-22,19:04:18,-08:00,2025-01-22T19:04:18-08:00,0,37
contact/index.html,13,html,fff75d09,andiigonzalez,2025-01-15,20:07:54,-08:00,2025-01-15T20:07:54-08:00,0,0
contact/index.html,14,html,fff75d09,andiigonzalez,2025-01-15,20:07:54,-08:00,2025-01-15T20:07:54-08:00,0,36
contact/index.html,15,html,fff75d09,andiigonzalez,2025-01-15,20:07:54,-08:00,2025-01-15T20:07:54-08:00,0,55
contact/index.html,16,html,fff75d09,andiigonzalez,2025-01-15,20:07:54,-08:00,2025-01-15T20:07:54-08:00,0,0
contact/index.html,17,html,fff75d09,andiigonzalez,2025-01-15,20:07:54,-08:00,2025-01-15T20:07:54-08:00,0,33
contact/index.html,18,html,c7ecafee,andiigonzalez,2025-01-15,21:57:42,-08:00,2025-01-15T21:57:42-08:00,0,51
contact/index.html,19,html,6e98f840,andiigonzalez,2025-01-16,22:45:59,-08:00,2025-01-16T22:45:59-08:00,0,0
contact/index.html,20,html,6e98f840,andiigonzalez,2025-01-16,22:45:59,-08:00,2025-01-16T22:45:59-08:00,0,62
contact/index.html,21,html,fff75d09,andiigonzalez,2025-01-15,20:07:54,-08:00,2025-01-15T20:07:54-08:00,0,6
contact/index.html,22,html,bb683d83,Andrea,2025-01-22,12:29:49,-08:00,2025-01-22T12:29:49-08:00,0,50
contact/index.html,23,html,fff75d09,andiigonzalez,2025-01-15,20:07:54,-08:00,2025-01-15T20:07:54-08:00,0,6
contact/index.html,24,html,bb683d83,Andrea,2025-01-22,12:29:49,-08:00,2025-01-22T12:29:49-08:00,0,6
